date,player,team,position,market,proj_lambda,source
2026-05-22,Alex Gagne,COL,F,ASSISTS,3.5014047625736566e-06,nn
2026-05-22,Alex Gagne,COL,F,BLOCKS,2.2005627155303955,nn
2026-05-22,Alex Gagne,COL,F,GOALS,5.70740780858614e-07,nn
2026-05-22,Alex Gagne,COL,F,POINTS,0.00016701685672160238,nn
2026-05-22,Alex Gagne,COL,F,SOG,1.7812862396240234,nn
2026-05-22,Artturi Lehkonen,COL,F,ASSISTS,0.3223356008529663,nn
2026-05-22,Artturi Lehkonen,COL,F,BLOCKS,0.8976603746414185,nn
2026-05-22,Artturi Lehkonen,COL,F,GOALS,0.49290731549263,nn
2026-05-22,Artturi Lehkonen,COL,F,POINTS,0.7513213753700256,nn
2026-05-22,Artturi Lehkonen,COL,F,SOG,1.9976248741149902,nn
2026-05-22,Brent Burns,COL,F,ASSISTS,0.11456989496946335,nn
2026-05-22,Brent Burns,COL,F,BLOCKS,0.9258201718330383,nn
2026-05-22,Brent Burns,COL,F,GOALS,5.70740780858614e-07,nn
2026-05-22,Brent Burns,COL,F,POINTS,0.19381314516067505,nn
2026-05-22,Brent Burns,COL,F,SOG,2.1093318462371826,nn
2026-05-22,Brett Kulak,COL,F,ASSISTS,0.33821919560432434,nn
2026-05-22,Brett Kulak,COL,F,BLOCKS,1.9684432744979858,nn
2026-05-22,Brett Kulak,COL,F,GOALS,0.0005825607804581523,nn
2026-05-22,Brett Kulak,COL,F,POINTS,0.35318857431411743,nn
2026-05-22,Brett Kulak,COL,F,SOG,1.2929203510284424,nn
2026-05-22,Brock Nelson,COL,F,ASSISTS,0.10044985264539719,nn
2026-05-22,Brock Nelson,COL,F,BLOCKS,1.0232315063476562,nn
2026-05-22,Brock Nelson,COL,F,GOALS,0.24154114723205566,nn
2026-05-22,Brock Nelson,COL,F,POINTS,0.28803694248199463,nn
2026-05-22,Brock Nelson,COL,F,SOG,2.433105945587158,nn
2026-05-22,Cale Makar,COL,F,ASSISTS,0.19655531644821167,nn
2026-05-22,Cale Makar,COL,F,BLOCKS,1.7472679615020752,nn
2026-05-22,Cale Makar,COL,F,GOALS,0.528795063495636,nn
2026-05-22,Cale Makar,COL,F,POINTS,0.6451101303100586,nn
2026-05-22,Cale Makar,COL,F,SOG,2.8378138542175293,nn
2026-05-22,Devon Toews,COL,F,ASSISTS,0.6518539786338806,nn
2026-05-22,Devon Toews,COL,F,BLOCKS,1.1075481176376343,nn
2026-05-22,Devon Toews,COL,F,GOALS,0.24154114723205566,nn
2026-05-22,Devon Toews,COL,F,POINTS,0.8950523138046265,nn
2026-05-22,Devon Toews,COL,F,SOG,1.7278343439102173,nn
2026-05-22,Gabriel Landeskog,COL,F,ASSISTS,0.48170769214630127,nn
2026-05-22,Gabriel Landeskog,COL,F,BLOCKS,0.8173377513885498,nn
2026-05-22,Gabriel Landeskog,COL,F,GOALS,0.49290731549263,nn
2026-05-22,Gabriel Landeskog,COL,F,POINTS,0.9869033098220825,nn
2026-05-22,Gabriel Landeskog,COL,F,SOG,2.4503824710845947,nn
2026-05-22,Isak Posch,COL,F,ASSISTS,0.4,trad
2026-05-22,Isak Posch,COL,F,BLOCKS,1.5,trad
2026-05-22,Isak Posch,COL,F,GOALS,0.3,trad
2026-05-22,Isak Posch,COL,F,POINTS,0.7,trad
2026-05-22,Isak Posch,COL,F,SOG,2.0,trad
2026-05-22,Jack Ahcan,COL,F,ASSISTS,0.10044985264539719,nn
2026-05-22,Jack Ahcan,COL,F,BLOCKS,0.8970988988876343,nn
2026-05-22,Jack Ahcan,COL,F,GOALS,5.70740780858614e-07,nn
2026-05-22,Jack Ahcan,COL,F,POINTS,0.12860310077667236,nn
2026-05-22,Jack Ahcan,COL,F,SOG,1.3847965002059937,nn
2026-05-22,Jack Drury,COL,F,ASSISTS,0.19655531644821167,nn
2026-05-22,Jack Drury,COL,F,BLOCKS,0.1892400085926056,nn
2026-05-22,Jack Drury,COL,F,GOALS,0.1272369921207428,nn
2026-05-22,Jack Drury,COL,F,POINTS,0.3249555230140686,nn
2026-05-22,Jack Drury,COL,F,SOG,1.5262150764465332,nn
2026-05-22,Joel Kiviranta,COL,F,ASSISTS,3.5014047625736566e-06,nn
2026-05-22,Joel Kiviranta,COL,F,BLOCKS,0.291660338640213,nn
2026-05-22,Joel Kiviranta,COL,F,GOALS,5.70740780858614e-07,nn
2026-05-22,Joel Kiviranta,COL,F,POINTS,0.00016701685672160238,nn
2026-05-22,Joel Kiviranta,COL,F,SOG,1.8356505632400513,nn
2026-05-22,Josh Manson,COL,F,ASSISTS,0.19655531644821167,nn
2026-05-22,Josh Manson,COL,F,BLOCKS,0.5583223700523376,nn
2026-05-22,Josh Manson,COL,F,GOALS,5.70740780858614e-07,nn
2026-05-22,Josh Manson,COL,F,POINTS,0.20364269614219666,nn
2026-05-22,Josh Manson,COL,F,SOG,2.3200316429138184,nn
2026-05-22,Logan O'Connor,COL,F,ASSISTS,0.05188667000288455,trad
2026-05-22,Logan O'Connor,COL,F,BLOCKS,0.16907021819840795,trad
2026-05-22,Logan O'Connor,COL,F,GOALS,0.012457989467692578,trad
2026-05-22,Logan O'Connor,COL,F,POINTS,0.06434465947057713,trad
2026-05-22,Logan O'Connor,COL,F,SOG,1.7981346186128173,trad
2026-05-22,Mackenzie Blackwood,COL,F,ASSISTS,0.4,trad
2026-05-22,Mackenzie Blackwood,COL,F,BLOCKS,1.5,trad
2026-05-22,Mackenzie Blackwood,COL,F,GOALS,0.3,trad
2026-05-22,Mackenzie Blackwood,COL,F,POINTS,0.00016701685672160238,nn
2026-05-22,Mackenzie Blackwood,COL,F,SOG,2.0,trad
2026-05-22,Martin Necas,COL,F,ASSISTS,0.9130651950836182,nn
2026-05-22,Martin Necas,COL,F,BLOCKS,0.11888950318098068,nn
2026-05-22,Martin Necas,COL,F,GOALS,0.11017362773418427,nn
2026-05-22,Martin Necas,COL,F,POINTS,1.0307061672210693,nn
2026-05-22,Martin Necas,COL,F,SOG,2.7286555767059326,nn
2026-05-22,Nathan MacKinnon,COL,F,ASSISTS,0.710847020149231,nn
2026-05-22,Nathan MacKinnon,COL,F,BLOCKS,0.2402905523777008,nn
2026-05-22,Nathan MacKinnon,COL,F,GOALS,0.7221790552139282,nn
2026-05-22,Nathan MacKinnon,COL,F,POINTS,1.495875597000122,nn
2026-05-22,Nathan MacKinnon,COL,F,SOG,3.6923933029174805,nn
2026-05-22,Nazem Kadri,COL,F,ASSISTS,0.42273855209350586,nn
2026-05-22,Nazem Kadri,COL,F,BLOCKS,0.1892400085926056,nn
2026-05-22,Nazem Kadri,COL,F,GOALS,0.24154114723205566,nn
2026-05-22,Nazem Kadri,COL,F,POINTS,0.611553966999054,nn
2026-05-22,Nazem Kadri,COL,F,SOG,3.398813009262085,nn
2026-05-22,Nick Blankenburg,COL,F,ASSISTS,0.10044985264539719,nn
2026-05-22,Nick Blankenburg,COL,F,BLOCKS,0.7782422304153442,nn
2026-05-22,Nick Blankenburg,COL,F,GOALS,0.35397717356681824,nn
2026-05-22,Nick Blankenburg,COL,F,POINTS,0.40574830770492554,nn
2026-05-22,Nick Blankenburg,COL,F,SOG,1.7013518810272217,nn
2026-05-22,Nicolas Roy,COL,F,ASSISTS,0.28748542070388794,nn
2026-05-22,Nicolas Roy,COL,F,BLOCKS,1.7316285371780396,nn
2026-05-22,Nicolas Roy,COL,F,GOALS,1.834137322020979e-07,nn
2026-05-22,Nicolas Roy,COL,F,POINTS,0.2320636510848999,nn
2026-05-22,Nicolas Roy,COL,F,SOG,1.2831571102142334,nn
2026-05-22,Parker Kelly,COL,F,ASSISTS,0.002816519234329462,nn
2026-05-22,Parker Kelly,COL,F,BLOCKS,0.5898367762565613,nn
2026-05-22,Parker Kelly,COL,F,GOALS,0.1272369921207428,nn
2026-05-22,Parker Kelly,COL,F,POINTS,0.19381314516067505,nn
2026-05-22,Parker Kelly,COL,F,SOG,1.7278343439102173,nn
2026-05-22,Ross Colton,COL,F,ASSISTS,0.3223356008529663,nn
2026-05-22,Ross Colton,COL,F,BLOCKS,0.4173890948295593,nn
2026-05-22,Ross Colton,COL,F,GOALS,0.11017362773418427,nn
2026-05-22,Ross Colton,COL,F,POINTS,0.40574830770492554,nn
2026-05-22,Ross Colton,COL,F,SOG,2.2174267768859863,nn
2026-05-22,Sam Malinski,COL,F,ASSISTS,0.3223356008529663,nn
2026-05-22,Sam Malinski,COL,F,BLOCKS,1.7473204135894775,nn
2026-05-22,Sam Malinski,COL,F,GOALS,0.11017362773418427,nn
2026-05-22,Sam Malinski,COL,F,POINTS,0.41819021105766296,nn
2026-05-22,Sam Malinski,COL,F,SOG,2.1158363819122314,nn
2026-05-22,Scott Wedgewood,COL,F,ASSISTS,0.4,trad
2026-05-22,Scott Wedgewood,COL,F,BLOCKS,1.5,trad
2026-05-22,Scott Wedgewood,COL,F,GOALS,0.3,trad
2026-05-22,Scott Wedgewood,COL,F,POINTS,0.00016701685672160238,nn
2026-05-22,Scott Wedgewood,COL,F,SOG,2.0,trad
2026-05-22,Valeri Nichushkin,COL,F,ASSISTS,0.2511337399482727,nn
2026-05-22,Valeri Nichushkin,COL,F,BLOCKS,0.5583223700523376,nn
2026-05-22,Valeri Nichushkin,COL,F,GOALS,0.24154114723205566,nn
2026-05-22,Valeri Nichushkin,COL,F,POINTS,0.41819021105766296,nn
2026-05-22,Valeri Nichushkin,COL,F,SOG,1.629024624824524,nn
2026-05-22,Zakhar Bardakov,COL,F,ASSISTS,0.10044985264539719,nn
2026-05-22,Zakhar Bardakov,COL,F,BLOCKS,0.291660338640213,nn
2026-05-22,Zakhar Bardakov,COL,F,GOALS,5.70740780858614e-07,nn
2026-05-22,Zakhar Bardakov,COL,F,POINTS,0.12860310077667236,nn
2026-05-22,Zakhar Bardakov,COL,F,SOG,1.2280908823013306,nn
2026-05-22,Adin Hill,VGK,F,ASSISTS,0.4,trad
2026-05-22,Adin Hill,VGK,F,BLOCKS,1.5,trad
2026-05-22,Adin Hill,VGK,F,GOALS,0.3,trad
2026-05-22,Adin Hill,VGK,F,POINTS,4.6544224460376427e-05,nn
2026-05-22,Adin Hill,VGK,F,SOG,2.0,trad
2026-05-22,Akira Schmid,VGK,F,ASSISTS,0.4,trad
2026-05-22,Akira Schmid,VGK,F,BLOCKS,1.5,trad
2026-05-22,Akira Schmid,VGK,F,GOALS,0.3,trad
2026-05-22,Akira Schmid,VGK,F,POINTS,4.6544224460376427e-05,nn
2026-05-22,Akira Schmid,VGK,F,SOG,2.0,trad
2026-05-22,Alexander Holtz,VGK,F,ASSISTS,0.28080201148986816,nn
2026-05-22,Alexander Holtz,VGK,F,BLOCKS,0.2938760221004486,nn
2026-05-22,Alexander Holtz,VGK,F,GOALS,0.09723486751317978,nn
2026-05-22,Alexander Holtz,VGK,F,POINTS,0.3430114686489105,nn
2026-05-22,Alexander Holtz,VGK,F,SOG,1.3538122177124023,nn
2026-05-22,Ben Hutton,VGK,F,ASSISTS,0.15978819131851196,nn
2026-05-22,Ben Hutton,VGK,F,BLOCKS,1.0619843006134033,nn
2026-05-22,Ben Hutton,VGK,F,GOALS,1.5385456890726346e-06,nn
2026-05-22,Ben Hutton,VGK,F,POINTS,0.12370681762695312,nn
2026-05-22,Ben Hutton,VGK,F,SOG,1.8148860931396484,nn
2026-05-22,Braeden Bowman,VGK,F,ASSISTS,0.3300834894180298,nn
2026-05-22,Braeden Bowman,VGK,F,BLOCKS,0.49681761860847473,nn
2026-05-22,Braeden Bowman,VGK,F,GOALS,1.5385456890726346e-06,nn
2026-05-22,Braeden Bowman,VGK,F,POINTS,0.3382398188114166,nn
2026-05-22,Braeden Bowman,VGK,F,SOG,1.8575268983840942,nn
2026-05-22,Brandon Saad,VGK,F,ASSISTS,0.3231349289417267,nn
2026-05-22,Brandon Saad,VGK,F,BLOCKS,0.10147364437580109,nn
2026-05-22,Brandon Saad,VGK,F,GOALS,1.5385456890726346e-06,nn
2026-05-22,Brandon Saad,VGK,F,POINTS,0.31876900792121887,nn
2026-05-22,Brandon Saad,VGK,F,SOG,1.5002998113632202,nn
2026-05-22,Brayden McNabb,VGK,F,ASSISTS,0.15978819131851196,nn
2026-05-22,Brayden McNabb,VGK,F,BLOCKS,2.27034854888916,nn
2026-05-22,Brayden McNabb,VGK,F,GOALS,0.09723486751317978,nn
2026-05-22,Brayden McNabb,VGK,F,POINTS,0.23625129461288452,nn
2026-05-22,Brayden McNabb,VGK,F,SOG,1.7522330284118652,nn
2026-05-22,Brett Howden,VGK,F,ASSISTS,0.25306645035743713,nn
2026-05-22,Brett Howden,VGK,F,BLOCKS,0.25975683331489563,nn
2026-05-22,Brett Howden,VGK,F,GOALS,0.9000576734542847,nn
2026-05-22,Brett Howden,VGK,F,POINTS,1.0743257999420166,nn
2026-05-22,Brett Howden,VGK,F,SOG,2.128477096557617,nn
2026-05-22,Carl Lindbom,VGK,F,ASSISTS,0.4,trad
2026-05-22,Carl Lindbom,VGK,F,BLOCKS,1.5,trad
2026-05-22,Carl Lindbom,VGK,F,GOALS,0.3,trad
2026-05-22,Carl Lindbom,VGK,F,POINTS,4.6544224460376427e-05,nn
2026-05-22,Carl Lindbom,VGK,F,SOG,2.0,trad
2026-05-22,Carter Hart,VGK,F,ASSISTS,0.4,trad
2026-05-22,Carter Hart,VGK,F,BLOCKS,1.5,trad
2026-05-22,Carter Hart,VGK,F,GOALS,0.3,trad
2026-05-22,Carter Hart,VGK,F,POINTS,4.6544224460376427e-05,nn
2026-05-22,Carter Hart,VGK,F,SOG,2.0,trad
2026-05-22,Cole Smith,VGK,F,ASSISTS,5.939689799561165e-06,nn
2026-05-22,Cole Smith,VGK,F,BLOCKS,0.4898349344730377,nn
2026-05-22,Cole Smith,VGK,F,GOALS,0.1975357085466385,nn
2026-05-22,Cole Smith,VGK,F,POINTS,0.23625129461288452,nn
2026-05-22,Cole Smith,VGK,F,SOG,1.4903714656829834,nn
2026-05-22,Colton Sissons,VGK,F,ASSISTS,0.3231349289417267,nn
2026-05-22,Colton Sissons,VGK,F,BLOCKS,1.25765061378479,nn
2026-05-22,Colton Sissons,VGK,F,GOALS,0.09723486751317978,nn
2026-05-22,Colton Sissons,VGK,F,POINTS,0.3938804268836975,nn
2026-05-22,Colton Sissons,VGK,F,SOG,1.6176328659057617,nn
2026-05-22,Dylan Coghlan,VGK,F,ASSISTS,0.27812910079956055,nn
2026-05-22,Dylan Coghlan,VGK,F,BLOCKS,1.1224026679992676,nn
2026-05-22,Dylan Coghlan,VGK,F,GOALS,0.09723486751317978,nn
2026-05-22,Dylan Coghlan,VGK,F,POINTS,0.3382398188114166,nn
2026-05-22,Dylan Coghlan,VGK,F,SOG,1.6674220561981201,nn
2026-05-22,Ivan Barbashev,VGK,F,ASSISTS,0.41089653968811035,nn
2026-05-22,Ivan Barbashev,VGK,F,BLOCKS,0.6552819013595581,nn
2026-05-22,Ivan Barbashev,VGK,F,GOALS,0.09723486751317978,nn
2026-05-22,Ivan Barbashev,VGK,F,POINTS,0.5191119909286499,nn
2026-05-22,Ivan Barbashev,VGK,F,SOG,2.094113349914551,nn
2026-05-22,Jack Eichel,VGK,F,ASSISTS,1.2924211025238037,nn
2026-05-22,Jack Eichel,VGK,F,BLOCKS,0.5703017115592957,nn
2026-05-22,Jack Eichel,VGK,F,GOALS,1.5385456890726346e-06,nn
2026-05-22,Jack Eichel,VGK,F,POINTS,1.4129316806793213,nn
2026-05-22,Jack Eichel,VGK,F,SOG,3.3321022987365723,nn
2026-05-22,Jaycob Megna,VGK,F,ASSISTS,0.15978819131851196,nn
2026-05-22,Jaycob Megna,VGK,F,BLOCKS,0.6347163319587708,nn
2026-05-22,Jaycob Megna,VGK,F,GOALS,1.5385456890726346e-06,nn
2026-05-22,Jaycob Megna,VGK,F,POINTS,0.12370681762695312,nn
2026-05-22,Jaycob Megna,VGK,F,SOG,1.4041497707366943,nn
2026-05-22,Jeremy Davies,VGK,F,ASSISTS,0.15978819131851196,nn
2026-05-22,Jeremy Davies,VGK,F,BLOCKS,0.7389755845069885,nn
2026-05-22,Jeremy Davies,VGK,F,GOALS,0.1975357085466385,nn
2026-05-22,Jeremy Davies,VGK,F,POINTS,0.3382398188114166,nn
2026-05-22,Jeremy Davies,VGK,F,SOG,1.9821419715881348,nn
2026-05-22,Jeremy Lauzon,VGK,F,ASSISTS,0.15978819131851196,nn
2026-05-22,Jeremy Lauzon,VGK,F,BLOCKS,1.1262199878692627,nn
2026-05-22,Jeremy Lauzon,VGK,F,GOALS,0.09723486751317978,nn
2026-05-22,Jeremy Lauzon,VGK,F,POINTS,0.2721695899963379,nn
2026-05-22,Jeremy Lauzon,VGK,F,SOG,2.2662665843963623,nn
2026-05-22,Jonas Rondbjerg,VGK,F,ASSISTS,0.25306645035743713,nn
2026-05-22,Jonas Rondbjerg,VGK,F,BLOCKS,0.1688525378704071,nn
2026-05-22,Jonas Rondbjerg,VGK,F,GOALS,1.5385456890726346e-06,nn
2026-05-22,Jonas Rondbjerg,VGK,F,POINTS,0.23625129461288452,nn
2026-05-22,Jonas Rondbjerg,VGK,F,SOG,1.644093632698059,nn
2026-05-22,Kaedan Korczak,VGK,F,ASSISTS,0.25306645035743713,nn
2026-05-22,Kaedan Korczak,VGK,F,BLOCKS,0.6081526875495911,nn
2026-05-22,Kaedan Korczak,VGK,F,GOALS,1.5385456890726346e-06,nn
2026-05-22,Kaedan Korczak,VGK,F,POINTS,0.23625129461288452,nn
2026-05-22,Kaedan Korczak,VGK,F,SOG,1.2421190738677979,nn
2026-05-22,Kai Uchacz,VGK,F,ASSISTS,0.2051941454410553,nn
2026-05-22,Kai Uchacz,VGK,F,BLOCKS,1.0646090507507324,nn
2026-05-22,Kai Uchacz,VGK,F,GOALS,1.5385456890726346e-06,nn
2026-05-22,Kai Uchacz,VGK,F,POINTS,0.18202117085456848,nn
2026-05-22,Kai Uchacz,VGK,F,SOG,1.725170373916626,nn
2026-05-22,Keegan Kolesar,VGK,F,ASSISTS,5.939689799561165e-06,nn
2026-05-22,Keegan Kolesar,VGK,F,BLOCKS,0.5277496576309204,nn
2026-05-22,Keegan Kolesar,VGK,F,GOALS,1.5385456890726346e-06,nn
2026-05-22,Keegan Kolesar,VGK,F,POINTS,4.6544224460376427e-05,nn
2026-05-22,Keegan Kolesar,VGK,F,SOG,1.232426643371582,nn
2026-05-22,Mark Stone,VGK,F,ASSISTS,0.38098403811454773,nn
2026-05-22,Mark Stone,VGK,F,BLOCKS,0.34617355465888977,nn
2026-05-22,Mark Stone,VGK,F,GOALS,0.31366416811943054,nn
2026-05-22,Mark Stone,VGK,F,POINTS,0.7463962435722351,nn
2026-05-22,Mark Stone,VGK,F,SOG,2.1989479064941406,nn
2026-05-22,Mitch Marner,VGK,F,ASSISTS,0.9364196062088013,nn
2026-05-22,Mitch Marner,VGK,F,BLOCKS,0.25975683331489563,nn
2026-05-22,Mitch Marner,VGK,F,GOALS,0.7152931094169617,nn
2026-05-22,Mitch Marner,VGK,F,POINTS,1.7117844820022583,nn
2026-05-22,Mitch Marner,VGK,F,SOG,2.7519283294677734,nn
2026-05-22,Nic Dowd,VGK,F,ASSISTS,5.939689799561165e-06,nn
2026-05-22,Nic Dowd,VGK,F,BLOCKS,1.1606800556182861,nn
2026-05-22,Nic Dowd,VGK,F,GOALS,0.09723486751317978,nn
2026-05-22,Nic Dowd,VGK,F,POINTS,0.12370681762695312,nn
2026-05-22,Nic Dowd,VGK,F,SOG,1.7364580631256104,nn
2026-05-22,Noah Hanifin,VGK,F,ASSISTS,0.35315749049186707,nn
2026-05-22,Noah Hanifin,VGK,F,BLOCKS,1.7061207294464111,nn
2026-05-22,Noah Hanifin,VGK,F,GOALS,1.5385456890726346e-06,nn
2026-05-22,Noah Hanifin,VGK,F,POINTS,0.36271870136260986,nn
2026-05-22,Noah Hanifin,VGK,F,SOG,1.6571756601333618,nn
2026-05-22,Pavel Dorofeyev,VGK,F,ASSISTS,0.25306645035743713,nn
2026-05-22,Pavel Dorofeyev,VGK,F,BLOCKS,0.42011576890945435,nn
2026-05-22,Pavel Dorofeyev,VGK,F,GOALS,0.8631431460380554,nn
2026-05-22,Pavel Dorofeyev,VGK,F,POINTS,1.0832628011703491,nn
2026-05-22,Pavel Dorofeyev,VGK,F,SOG,2.579700231552124,nn
2026-05-22,Raphael Lavoie,VGK,F,ASSISTS,0.15978819131851196,nn
2026-05-22,Raphael Lavoie,VGK,F,BLOCKS,0.04727765545248985,nn
2026-05-22,Raphael Lavoie,VGK,F,GOALS,1.5385456890726346e-06,nn
2026-05-22,Raphael Lavoie,VGK,F,POINTS,0.12370681762695312,nn
2026-05-22,Raphael Lavoie,VGK,F,SOG,2.6722614765167236,nn
2026-05-22,Rasmus Andersson,VGK,F,ASSISTS,0.3477880656719208,nn
2026-05-22,Rasmus Andersson,VGK,F,BLOCKS,1.4109123945236206,nn
2026-05-22,Rasmus Andersson,VGK,F,GOALS,1.5385456890726346e-06,nn
2026-05-22,Rasmus Andersson,VGK,F,POINTS,0.3430114686489105,nn
2026-05-22,Rasmus Andersson,VGK,F,SOG,2.051201105117798,nn
2026-05-22,Reilly Smith,VGK,F,ASSISTS,5.939689799561165e-06,nn
2026-05-22,Reilly Smith,VGK,F,BLOCKS,0.4898349344730377,nn
2026-05-22,Reilly Smith,VGK,F,GOALS,0.1975357085466385,nn
2026-05-22,Reilly Smith,VGK,F,POINTS,0.23625129461288452,nn
2026-05-22,Reilly Smith,VGK,F,SOG,1.4903714656829834,nn
2026-05-22,Shea Theodore,VGK,F,ASSISTS,0.41089653968811035,nn
2026-05-22,Shea Theodore,VGK,F,BLOCKS,3.465803384780884,nn
2026-05-22,Shea Theodore,VGK,F,GOALS,0.31366416811943054,nn
2026-05-22,Shea Theodore,VGK,F,POINTS,0.7461521625518799,nn
2026-05-22,Shea Theodore,VGK,F,SOG,2.44830584526062,nn
2026-05-22,Tanner Laczynski,VGK,F,ASSISTS,0.45861274003982544,nn
2026-05-22,Tanner Laczynski,VGK,F,BLOCKS,0.49681761860847473,nn
2026-05-22,Tanner Laczynski,VGK,F,GOALS,1.5385456890726346e-06,nn
2026-05-22,Tanner Laczynski,VGK,F,POINTS,0.46826237440109253,nn
2026-05-22,Tanner Laczynski,VGK,F,SOG,1.9014233350753784,nn
2026-05-22,Tomas Hertl,VGK,F,ASSISTS,0.3477880656719208,nn
2026-05-22,Tomas Hertl,VGK,F,BLOCKS,0.25975683331489563,nn
2026-05-22,Tomas Hertl,VGK,F,GOALS,0.1975357085466385,nn
2026-05-22,Tomas Hertl,VGK,F,POINTS,0.5234307646751404,nn
2026-05-22,Tomas Hertl,VGK,F,SOG,1.6176328659057617,nn
2026-05-22,Trevor Connelly,VGK,F,ASSISTS,0.4,trad
2026-05-22,Trevor Connelly,VGK,F,BLOCKS,1.5,trad
2026-05-22,Trevor Connelly,VGK,F,GOALS,0.3,trad
2026-05-22,Trevor Connelly,VGK,F,POINTS,0.7,trad
2026-05-22,Trevor Connelly,VGK,F,SOG,2.0,trad
2026-05-22,William Karlsson,VGK,F,ASSISTS,0.6462500691413879,nn
2026-05-22,William Karlsson,VGK,F,BLOCKS,0.6003679633140564,nn
2026-05-22,William Karlsson,VGK,F,GOALS,0.34084370732307434,nn
2026-05-22,William Karlsson,VGK,F,POINTS,0.9900648593902588,nn
2026-05-22,William Karlsson,VGK,F,SOG,2.0799882411956787,nn
