date,player,team,opp,market,line,proj_lambda,p_over,over_price,under_price,book,side,price,ev,ev_over,chosen_prob,edge_score,edge_drivers,edge_reasons,proj
2026-05-23,Sebastian Aho,CAR,MTL,ASSISTS,0.5,0.1499351114034652,0.15258392396349338,120,-154,draftkings,Under,-154,0.39768625528099144,0.39768625528099144,0.8474160760365066,0.6179451089707362,MODEL UND · JUICE · CONF60+ · CONS2 · MATCHUP+,MODEL UND · JUICE · CONF60+ · CONS2 · MATCHUP+,0.1499351114034652
2026-05-23,Taylor Hall,CAR,MTL,SOG,1.5,3.0802247524261475,0.8125180451772231,-205,154,fanduel,Over,-205,0.208868311117332,0.208868311117332,0.8125180451772231,0.5856207311358247,MODEL OVR · JUICE+ · CONF60+ · SINGLE · MATCHUP+,MODEL OVR · JUICE+ · CONF60+ · SINGLE · MATCHUP+,3.0802247524261475
2026-05-23,Jordan Martinook,CAR,MTL,SOG,1.5,2.6313118934631348,0.7386037718511087,114,-145,draftkings,Over,114,0.5806120717613724,0.5806120717613724,0.7386037718511087,0.5264893124749331,MODEL OVR · CONF60+ · CONS2 · MATCHUP+,MODEL OVR · CONF60+ · CONS2 · MATCHUP+,2.6313118934631348
2026-05-23,Shayne Gostisbehere,CAR,MTL,SOG,1.5,2.530105829238892,0.7188249862496044,-178,136,fanduel,Over,-178,0.1226592481875845,0.1226592481875845,0.7188249862496044,0.5106662839937297,MODEL OVR · JUICE+ · CONF60+ · CONS3+ · MATCHUP+,MODEL OVR · JUICE+ · CONF60+ · CONS3+ · MATCHUP+,2.530105829238892
2026-05-23,Taylor Hall,CAR,MTL,POINTS,0.5,1.9930602312088013,0.7866825276004099,-120,-110,draftkings,Over,-120,0.4422513006007516,0.4422513006007516,0.7866825276004099,0.4906261930155418,MODEL OVR · CONF60+ · CONS2 · MATCHUP-,MODEL OVR · CONF60+ · CONS2 · MATCHUP-,1.9930602312088013
2026-05-23,Cole Caufield,MTL,CAR,POINTS,0.5,0.4750415682792663,0.37800227012003534,-161,121,pinnacle,Under,121,0.37461498303472174,0.37461498303472174,0.6219977298799646,0.48723646053320496,MODEL UND · CONF60+ · CONS2 · MATCHUP+,MODEL UND · CONF60+ · CONS2 · MATCHUP+,0.4750415682792663
2026-05-23,Andrei Svechnikov,CAR,MTL,SOG,2.5,3.732611894607544,0.6888359414082623,-148,114,fanduel,Over,-148,0.1542656315489801,0.1542656315489801,0.6888359414082623,0.48667504812065604,MODEL OVR · JUICE · CONF60+ · CONS3+ · MATCHUP+,MODEL OVR · JUICE · CONF60+ · CONS3+ · MATCHUP+,3.732611894607544
2026-05-23,Logan Stankoven,CAR,MTL,SOG,2.5,3.712647676467896,0.6852825981578247,-113,-115,fanduel,Over,-113,0.291727375288643,0.291727375288643,0.6852825981578247,0.4838323735203059,MODEL OVR · CONF60+ · CONS3+ · MATCHUP+,MODEL OVR · CONF60+ · CONS3+ · MATCHUP+,3.712647676467896
2026-05-23,Jordan Staal,CAR,MTL,SOG,1.5,2.340726852416992,0.6784294916005015,-102,-129,pinnacle,Over,-102,0.34355644415001274,0.34355644415001274,0.6784294916005015,0.4783498882744474,MODEL OVR · CONF60+ · CONS2 · MATCHUP+,MODEL OVR · CONF60+ · CONS2 · MATCHUP+,2.340726852416992
2026-05-23,Jaccob Slavin,CAR,MTL,SOG,1.5,2.3296167850494385,0.6759182782090329,-128,-104,pinnacle,Over,-128,0.2039794330598399,0.2039794330598399,0.6759182782090329,0.47634091756127256,MODEL OVR · CONF60+ · CONS2 · MATCHUP+,MODEL OVR · CONF60+ · CONS2 · MATCHUP+,2.3296167850494385
2026-05-23,Nick Suzuki,MTL,CAR,ASSISTS,0.5,0.5734931826591492,0.41272971408223436,-134,101,pinnacle,Under,101,0.1804132746947088,0.1804132746947088,0.5872702859177656,0.4593082621639557,MODEL UND · CONF55+ · CONS2 · MATCHUP+,MODEL UND · CONF55+ · CONS2 · MATCHUP+,0.5734931826591492
2026-05-23,Alex Newhook,MTL,CAR,SOG,1.5,2.677159547805786,0.7471651968945532,-114,-114,fanduel,Over,-114,0.40257326434591567,0.40257326434591567,0.7471651968945532,0.4480409311223163,MODEL OVR · CONF60+ · CONS3+ · MATCHUP-,MODEL OVR · CONF60+ · CONS3+ · MATCHUP-,2.677159547805786
2026-05-23,Sean Walker,CAR,MTL,SOG,1.5,2.141621828079224,0.6309719626111632,-148,114,fanduel,Over,-148,0.057304369780868,0.057304369780868,0.6309719626111632,0.4403838650829767,MODEL OVR · JUICE · CONF60+ · CONS3+ · MATCHUP+,MODEL OVR · JUICE · CONF60+ · CONS3+ · MATCHUP+,2.141621828079224
2026-05-23,Seth Jarvis,CAR,MTL,POINTS,0.5,0.4660587906837463,0.3736836213934133,-166,130,draftkings,Under,130,0.4405276707951491,0.4405276707951491,0.6263163786065866,0.4397729319500555,MODEL UND · CONF60+ · CONS2 · MATCHUP+,MODEL UND · CONF60+ · CONS2 · MATCHUP+,0.4660587906837463
2026-05-23,Andrei Svechnikov,CAR,MTL,POINTS,0.5,0.4676494300365448,0.37445162661761755,-163,122,pinnacle,Under,122,0.38871738890888885,0.38871738890888885,0.6255483733823824,0.43915852777069214,MODEL UND · CONF60+ · CONS2 · MATCHUP+,MODEL UND · CONF60+ · CONS2 · MATCHUP+,0.4676494300365448
2026-05-23,Ivan Demidov,MTL,CAR,SOG,1.5,2.6062190532684326,0.7338137915780945,-135,104,fanduel,Over,-135,0.2773795631174236,0.2773795631174236,0.7338137915780945,0.4373598068691493,MODEL OVR · CONF60+ · CONS3+ · MATCHUP-,MODEL OVR · CONF60+ · CONS3+ · MATCHUP-,2.6062190532684326
2026-05-23,Nick Suzuki,MTL,CAR,SOG,1.5,2.4964070320129395,0.7119643878164481,-176,134,fanduel,Over,-176,0.11648960816670284,0.11648960816670284,0.7119643878164481,0.4198802838598323,MODEL OVR · JUICE+ · CONF60+ · CONS3+ · MATCHUP-,MODEL OVR · JUICE+ · CONF60+ · CONS3+ · MATCHUP-,2.4964070320129395
2026-05-23,Jackson Blake,CAR,MTL,POINTS,0.5,1.4758394956588743,0.6942867018756536,-125,-105,draftkings,Over,-125,0.24971606337617647,0.24971606337617647,0.6942867018756536,0.4167095324357367,MODEL OVR · CONF60+ · CONS2 · MATCHUP-,MODEL OVR · CONF60+ · CONS2 · MATCHUP-,1.4758394956588743
2026-05-23,Logan Stankoven,CAR,MTL,POINTS,0.5,1.4690659046173096,0.6928497304882637,-115,-115,draftkings,Over,-115,0.2953277569997973,0.2953277569997973,0.6928497304882637,0.4155599553258248,MODEL OVR · CONF60+ · CONS2 · MATCHUP-,MODEL OVR · CONF60+ · CONS2 · MATCHUP-,1.4690659046173096
2026-05-23,Sebastian Aho,CAR,MTL,SOG,2.5,3.224822521209717,0.5895011892199865,-110,-118,fanduel,Over,-110,0.1254113612381561,0.1254113612381561,0.5895011892199865,0.4072072463700354,MODEL OVR · CONF55+ · CONS3+ · MATCHUP+,MODEL OVR · CONF55+ · CONS3+ · MATCHUP+,3.224822521209717
2026-05-23,Jalen Chatfield,CAR,MTL,SOG,1.5,1.949260950088501,0.5800864140102937,-120,-110,draftkings,Over,-120,0.06349175901887189,0.06349175901887189,0.5800864140102937,0.3996754262022812,MODEL OVR · CONF55+ · CONS2 · MATCHUP+,MODEL OVR · CONF55+ · CONS2 · MATCHUP+,1.949260950088501
2026-05-23,Sebastian Aho,CAR,MTL,POINTS,0.5,0.5832216739654541,0.42679071992262374,-184,137,pinnacle,Under,137,0.35850599378338177,0.35850599378338177,0.5732092800773763,0.3972872531266872,MODEL UND · CONF55+ · CONS2 · MATCHUP+,MODEL UND · CONF55+ · CONS2 · MATCHUP+,0.5832216739654541
2026-05-23,Nick Suzuki,MTL,CAR,POINTS,0.5,0.9649333953857422,0.564119907383826,-242,176,pinnacle,Under,176,0.2030290556206401,0.2030290556206401,0.435880092616174,0.3896382766292333,MODEL UND · CONS2 · MATCHUP+,MODEL UND · CONS2 · MATCHUP+,0.9649333953857422
2026-05-23,Taylor Hall,CAR,MTL,SOG,2.5,3.0802247524261475,0.5579314339881771,140,-180,draftkings,Over,140,0.339035441571625,0.339035441571625,0.5579314339881771,0.3819514421845879,MODEL OVR · CONF55+ · CONS2 · MATCHUP+,MODEL OVR · CONF55+ · CONS2 · MATCHUP+,3.0802247524261475
2026-05-23,K'Andre Miller,CAR,MTL,SOG,1.5,1.867626070976257,0.5569805197619351,114,-145,draftkings,Over,114,0.19193831229054092,0.19193831229054092,0.5569805197619351,0.38119071080359423,MODEL OVR · CONF55+ · CONS2 · MATCHUP+,MODEL OVR · CONF55+ · CONS2 · MATCHUP+,1.867626070976257
2026-05-23,Seth Jarvis,CAR,MTL,SOG,2.5,2.3339381217956543,0.37711243776594017,-175,135,draftkings,Under,135,0.4637857712500406,0.4637857712500406,0.6228875622340598,0.3627037547932017,MODEL UND · CONF60+ · CONS3+ · MATCHUP-,MODEL UND · CONF60+ · CONS3+ · MATCHUP-,2.3339381217956543
2026-05-23,Nikolaj Ehlers,CAR,MTL,SOG,2.5,2.3497774600982666,0.38116145517936023,-120,-110,draftkings,Under,-110,0.1814190401121304,0.1814190401121304,0.6188385448206397,0.3594645408624656,MODEL UND · CONF60+ · CONS3+ · MATCHUP-,MODEL UND · CONF60+ · CONS3+ · MATCHUP-,2.3497774600982666
2026-05-23,Taylor Hall,CAR,MTL,ASSISTS,0.5,1.106196641921997,0.6182615424727619,160,-210,draftkings,Over,160,0.607480010429181,0.607480010429181,0.6182615424727619,0.3545969858366786,MODEL OVR · CONF60+ · CONS2 · MATCHUP-,MODEL OVR · CONF60+ · CONS2 · MATCHUP-,1.106196641921997
2026-05-23,Jackson Blake,CAR,MTL,SOG,2.5,2.8531925678253174,0.5057359509433701,114,-148,fanduel,Over,114,0.08227493501881189,0.08227493501881189,0.5057359509433701,0.34019505574874226,MODEL OVR · CONS3+ · MATCHUP+,MODEL OVR · CONS3+ · MATCHUP+,2.8531925678253174
