market,player,team,line,over_price,under_price,proj_lambda,p_over,ev_over,book
GOALS,Andrew Peeke,,1.5,12500,,0.3,0.03693631311376678,3.653975452334614,betrivers
GOALS,Christopher Tanev,,1.5,12500,,0.3,0.03693631311376678,3.653975452334614,betrivers
GOALS,Simon Benoit,,1.5,12500,,0.3,0.03693631311376678,3.653975452334614,betrivers
GOALS,Alexandre Carrier,,1.5,12000,,0.3,0.03693631311376678,3.4692938867657803,betrivers
GOALS,Jayden Struble,,1.5,12000,,0.3,0.03693631311376678,3.4692938867657803,betrivers
GOALS,Jordan Harris,,1.5,11000,,0.3,0.03693631311376678,3.0999307556281126,betrivers
GOALS,Arber Xhekaj,,1.5,10000,,0.3,0.03693631311376678,2.730567624490445,betrivers
GOALS,Brandon Carlo,,1.5,10000,,0.3,0.03693631311376678,2.730567624490445,betrivers
GOALS,Trevor van Riemsdyk,,1.5,10000,,0.3,0.03693631311376678,2.730567624490445,betrivers
GOALS,Henri Jokiharju,,1.5,9000,,0.3,0.03693631311376678,2.3612044933527767,betrivers
GOALS,Mason Lohrei,,1.5,9000,,0.3,0.03693631311376678,2.3612044933527767,betrivers
GOALS,Henry Thrun,,1.5,8000,,0.3,0.03693631311376678,1.991841362215109,betrivers
GOALS,Jake McCabe,,1.5,8000,,0.3,0.03693631311376678,1.991841362215109,betrivers
GOALS,Kaiden Guhle,,1.5,8000,,0.3,0.03693631311376678,1.991841362215109,betrivers
GOALS,Matt Roy,,1.5,8000,,0.3,0.03693631311376678,1.991841362215109,betrivers
GOALS,Oliver Ekman-Larsson,,1.5,8000,,0.3,0.03693631311376678,1.991841362215109,betrivers
GOALS,Cody Ceci,,0.5,1050,-62405.0,0.3,0.25918177931828207,1.980590462160244,fliff
GOALS,Samuel Girard,,0.5,1045,-47520.0,0.3,0.25918177931828207,1.9676313731943293,fliff
GOALS,Jeff Malott,,0.5,965,-11530.0,0.3,0.25918177931828207,1.760285949739704,fliff
GOALS,Brent Burns,,0.5,945,-9335.0,0.3,0.25918177931828207,1.7084495938760476,fliff
GOALS,Mikey Anderson,,0.5,935,-8750.0,0.3,0.25918177931828207,1.6825314159442193,fliff
GOALS,David Kampf,,1.5,7000,,0.3,0.03693631311376678,1.6224782310774413,betrivers
GOALS,Michael Eyssimont,,1.5,7000,,0.3,0.03693631311376678,1.6224782310774413,betrivers
GOALS,Sean Kuraly,,1.5,7000,,0.3,0.03693631311376678,1.6224782310774413,betrivers
GOALS,Brandt Clarke,,0.5,880,-5925.0,0.3,0.25918177931828207,1.5399814373191643,fliff
GOALS,Lane Hutson,,1.5,6600,,0.3,0.03693631311376678,1.4747329786223742,betrivers
GOALS,Mike Matheson,,1.5,6600,,0.3,0.03693631311376678,1.4747329786223742,betrivers
GOALS,Parker Kelly,,0.5,835,-4490.0,0.3,0.25918177931828207,1.423349636625937,fliff
GOALS,Devon Toews,,0.5,800,-3810.0,0.3,0.25918177931828207,1.3326360138645386,fliff
GOALS,Brandon Duhaime,,1.5,6000,,0.3,0.03693631311376678,1.2531150999397735,betrivers
GOALS,Calle Jarnkrok,,1.5,6000,,0.3,0.03693631311376678,1.2531150999397735,betrivers
GOALS,Declan Chisholm,,1.5,6000,,0.3,0.03693631311376678,1.2531150999397735,betrivers
GOALS,John Beecher,,1.5,6000,,0.3,0.03693631311376678,1.2531150999397735,betrivers
GOALS,Justin Sourdif,,1.5,6000,,0.3,0.03693631311376678,1.2531150999397735,betrivers
GOALS,Nic Dowd,,1.5,6000,,0.3,0.03693631311376678,1.2531150999397735,betrivers
GOALS,Nikita Zadorov,,1.5,6000,,0.3,0.03693631311376678,1.2531150999397735,betrivers
GOALS,Rasmus Sandin,,1.5,6000,,0.3,0.03693631311376678,1.2531150999397735,betrivers
GOALS,Steven Lorentz,,1.5,6000,,0.3,0.03693631311376678,1.2531150999397735,betrivers
GOALS,Jack Drury,,0.5,760,-3140.0,0.3,0.25918177931828207,1.2289633021372257,fliff
GOALS,Joel Kiviranta,,0.5,760,-3110.0,0.3,0.25918177931828207,1.2289633021372257,fliff
GOALS,Alex Turcotte,,0.5,740,-2845.0,0.3,0.25918177931828207,1.1771269462735694,fliff
GOALS,Joel Armia,,0.5,715,-2590.0,0.3,0.25918177931828207,1.112331501443999,fliff
GOALS,Charlie McAvoy,,1.5,5500,,0.3,0.03693631311376678,1.0684335343709397,betrivers
GOALS,Joe Veleno,,1.5,5500,,0.3,0.03693631311376678,1.0684335343709397,betrivers
GOALS,Matej Blumel,,1.5,5500,,0.3,0.03693631311376678,1.0684335343709397,betrivers
GOALS,Oliver Kapanen,,1.5,5500,,0.3,0.03693631311376678,1.0684335343709397,betrivers
GOALS,Tanner Jeannot,,1.5,5500,,0.3,0.03693631311376678,1.0684335343709397,betrivers
GOALS,Drew Doughty,,0.5,670,-2155.0,0.3,0.25918177931828207,0.995699700750772,fliff
GOALS,Jake Evans,,1.5,5000,,0.3,0.03693631311376678,0.8837519688021058,betrivers
GOALS,Morgan Rielly,,1.5,5000,,0.3,0.03693631311376678,0.8837519688021058,betrivers
GOALS,Noah Dobson,,1.5,5000,,0.3,0.03693631311376678,0.8837519688021058,betrivers
GOALS,Scott Laughton,,1.5,5000,,0.3,0.03693631311376678,0.8837519688021058,betrivers
GOALS,Ross Colton,,0.5,610,-1700.0,0.3,0.25918177931828207,0.8401906331598026,fliff
GOALS,Dakota Joshua,,1.5,4500,,0.3,0.03693631311376678,0.6990704032332717,betrivers
GOALS,John Carlson,,1.5,4500,,0.3,0.03693631311376678,0.6990704032332717,betrivers
GOALS,Josh Anderson,,1.5,4500,,0.3,0.03693631311376678,0.6990704032332717,betrivers
GOALS,Matthew Poitras,,1.5,4500,,0.3,0.03693631311376678,0.6990704032332717,betrivers
POINTS,Jake McCabe,,0.5,230,-320.0,0.7,0.5034146962085905,0.6612684974883484,draftkings
POINTS,Jake McCabe,,0.5,226,-312.0,0.7,0.5034146962085905,0.6411319096400049,betonlineag
POINTS,Jake McCabe,,0.5,220,-300.0,0.7,0.5034146962085905,0.6109270278674895,betmgm
POINTS,Mason Lohrei,,0.5,220,-300.0,0.7,0.5034146962085905,0.6109270278674895,draftkings
POINTS,Oliver Ekman-Larsson,,0.5,220,-300.0,0.7,0.5034146962085905,0.6109270278674895,draftkings
POINTS,Mason Lohrei,,0.5,215,-294.0,0.7,0.5034146962085905,0.58575629305706,betonlineag
POINTS,Mason Lohrei,,0.5,215,-290.0,0.7,0.5034146962085905,0.58575629305706,fanduel
POINTS,Mike Matheson,,0.5,215,-280.0,0.7,0.5034146962085905,0.58575629305706,fanduel
GOALS,Victor Olofsson,,0.5,510,-1175.0,0.3,0.25918177931828207,0.5810088538415206,fliff
POINTS,Jake McCabe,,0.5,210,-285.0,0.7,0.5034146962085905,0.5605855582466305,fanatics
POINTS,Mason Lohrei,,0.5,210,-295.0,0.7,0.5034146962085905,0.5605855582466305,betmgm
POINTS,Oliver Ekman-Larsson,,0.5,210,-300.0,0.7,0.5034146962085905,0.5605855582466305,betmgm
POINTS,Oliver Ekman-Larsson,,0.5,204,-278.0,0.7,0.5034146962085905,0.5303806764741151,betonlineag
GOALS,Phillip Danault,,0.5,485,-1085.0,0.3,0.25918177931828207,0.5162134090119499,fliff
GOALS,Marat Khusnutdinov,,1.5,4000,,0.3,0.03693631311376678,0.5143888376644379,betrivers
POINTS,Mason Lohrei,,0.5,200,-275.0,0.7,0.5034146962085905,0.5102440886257714,fanatics
GOALS,Casey Mittelstadt,,0.5,480,-800.0,0.3,0.25918177931828207,0.503254320046036,fanduel
POINTS,Mike Matheson,,0.5,195,-263.0,0.7,0.5034146962085905,0.485073353815342,betonlineag
POINTS,Mike Matheson,,0.5,195,-265.0,0.7,0.5034146962085905,0.485073353815342,draftkings
POINTS,Mike Matheson,,0.5,190,-275.0,0.7,0.5034146962085905,0.45990261900491236,betmgm
POINTS,Oliver Ekman-Larsson,,0.5,190,-260.0,0.7,0.5034146962085905,0.45990261900491236,fanatics
POINTS,Oliver Ekman-Larsson,,0.5,190,-250.0,0.7,0.5034146962085905,0.45990261900491236,fanduel
ASSISTS,Patrik Laine,,0.5,340,-500.0,0.4,0.3296799539643607,0.450591797443187,draftkings
ASSISTS,Zack Bolduc,,0.5,340,-550.0,0.4,0.3296799539643607,0.450591797443187,betmgm
ASSISTS,Zack Bolduc,,0.5,340,-500.0,0.4,0.3296799539643607,0.450591797443187,draftkings
POINTS,Mike Matheson,,0.5,185,-250.0,0.7,0.5034146962085905,0.43473188419448294,fanatics
GOALS,Trevor Moore,,0.5,440,-915.0,0.3,0.25918177931828207,0.39958160831872314,fliff
POINTS,Patrik Laine,,0.5,176,-230.0,0.7,0.5034146962085905,0.3894245615357096,fanduel
ASSISTS,Patrik Laine,,0.5,320,-500.0,0.4,0.3296799539643607,0.38465580665031496,betmgm
POINTS,Casey Mittelstadt,,0.5,175,-240.0,0.7,0.5034146962085905,0.3843904145736238,fanatics
POINTS,Zack Bolduc,,0.5,174,-233.0,0.7,0.5034146962085905,0.37935626761153796,betonlineag
POINTS,Casey Mittelstadt,,0.5,172,-225.0,0.7,0.5034146962085905,0.369287973687366,fanduel
POINTS,Zack Bolduc,,0.5,172,-225.0,0.7,0.5034146962085905,0.369287973687366,fanduel
POINTS,Casey Mittelstadt,,0.5,171,-227.0,0.7,0.5034146962085905,0.36425382672528017,betonlineag
POINTS,Casey Mittelstadt,,0.5,170,-225.0,0.7,0.5034146962085905,0.35921967976319436,draftkings
POINTS,Zack Bolduc,,0.5,170,-225.0,0.7,0.5034146962085905,0.35921967976319436,betmgm
POINTS,Zack Bolduc,,0.5,170,-225.0,0.7,0.5034146962085905,0.35921967976319436,draftkings
ASSISTS,Casey Mittelstadt,,0.5,310,-455.0,0.4,0.3296799539643607,0.3516878112538786,draftkings
ASSISTS,Viktor Arvidsson,,0.5,310,-455.0,0.4,0.3296799539643607,0.3516878112538786,draftkings
GOALS,Pavel Zacha,,0.5,420,-650.0,0.3,0.25918177931828207,0.3477452524550668,fanduel
POINTS,Casey Mittelstadt,,0.5,165,-220.0,0.7,0.5034146962085905,0.3340489449527647,betmgm
POINTS,Viktor Arvidsson,,0.5,165,-225.0,0.7,0.5034146962085905,0.3340489449527647,fanatics
GOALS,Alex Newhook,,1.5,3500,,0.3,0.03693631311376678,0.329707272095604,betrivers
POINTS,Viktor Arvidsson,,0.5,164,-217.0,0.7,0.5034146962085905,0.3290147979906787,betonlineag
POINTS,Viktor Arvidsson,,0.5,164,-215.0,0.7,0.5034146962085905,0.3290147979906787,fanduel
ASSISTS,Casey Mittelstadt,,0.5,300,-450.0,0.4,0.3296799539643607,0.3187198158574427,betmgm
ASSISTS,Viktor Arvidsson,,0.5,300,-450.0,0.4,0.3296799539643607,0.3187198158574427,betmgm
POINTS,Patrik Laine,,0.5,161,-213.0,0.7,0.5034146962085905,0.31391235710442134,betonlineag
POINTS,Max Domi,,0.5,160,-210.0,0.7,0.5034146962085905,0.3088782101423353,betmgm
POINTS,Max Domi,,0.5,160,-210.0,0.7,0.5034146962085905,0.3088782101423353,fanatics
POINTS,Patrik Laine,,0.5,160,-210.0,0.7,0.5034146962085905,0.3088782101423353,fanatics
POINTS,Viktor Arvidsson,,0.5,160,-220.0,0.7,0.5034146962085905,0.3088782101423353,betmgm
GOALS,Anthony Beauvillier,,1.5,3400,,0.3,0.03693631311376678,0.29277095898183725,betrivers
GOALS,Max Domi,,1.5,3400,,0.3,0.03693631311376678,0.29277095898183725,betrivers
GOALS,Nicholas Robertson,,1.5,3400,,0.3,0.03693631311376678,0.29277095898183725,betrivers
GOALS,Viktor Arvidsson,,0.5,390,-650.0,0.3,0.25918177931828207,0.26999071865958224,fanduel
POINTS,Noah Dobson,,0.5,150,-198.0,0.7,0.5034146962085905,0.2585367405214761,draftkings
POINTS,Patrik Laine,,0.5,150,-200.0,0.7,0.5034146962085905,0.2585367405214761,betmgm
POINTS,Patrik Laine,,0.5,150,-198.0,0.7,0.5034146962085905,0.2585367405214761,draftkings
GOALS,Gabriel Landeskog,,0.5,385,-735.0,0.3,0.25918177931828207,0.2570316296936679,fliff
GOALS,Brendan Gallagher,,1.5,3300,,0.3,0.03693631311376678,0.2558346458680705,betrivers
GOALS,Warren Foegele,,0.5,380,-715.0,0.3,0.25918177931828207,0.24407254072775386,fliff
POINTS,Noah Dobson,,0.5,146,-192.0,0.7,0.5034146962085905,0.23840015267313253,betonlineag
ASSISTS,Oliver Ekman-Larsson,,0.5,275,-400.0,0.4,0.3296799539643607,0.23629982736635258,betmgm
POINTS,Noah Dobson,,0.5,145,-200.0,0.7,0.5034146962085905,0.2333660057110467,betmgm
POINTS,Noah Dobson,,0.5,145,-190.0,0.7,0.5034146962085905,0.2333660057110467,fanatics
POINTS,Noah Dobson,,0.5,144,-186.0,0.7,0.5034146962085905,0.22833185874896078,fanduel
ASSISTS,Jake McCabe,,0.5,270,-400.0,0.4,0.3296799539643607,0.2198158296681345,betmgm
ASSISTS,Jake McCabe,,0.5,270,-385.0,0.4,0.3296799539643607,0.2198158296681345,draftkings
ASSISTS,Matias Maccelli,,0.5,270,-400.0,0.4,0.3296799539643607,0.2198158296681345,betmgm
ASSISTS,Matias Maccelli,,0.5,270,-385.0,0.4,0.3296799539643607,0.2198158296681345,draftkings
ASSISTS,Max Domi,,0.5,270,-375.0,0.4,0.3296799539643607,0.2198158296681345,betmgm
ASSISTS,Oliver Ekman-Larsson,,0.5,270,-385.0,0.4,0.3296799539643607,0.2198158296681345,draftkings
POINTS,Matias Maccelli,,0.5,140,-190.0,0.7,0.5034146962085905,0.20819527090061707,betmgm
POINTS,Matias Maccelli,,0.5,140,-180.0,0.7,0.5034146962085905,0.20819527090061707,fanatics
GOALS,Anze Kopitar,,0.5,365,-675.0,0.3,0.25918177931828207,0.20519527383001168,fliff
GOALS,Brendan Gallagher,,0.5,360,-600.0,0.3,0.25918177931828207,0.19223618486409733,fanduel
GOALS,Cale Makar,,0.5,360,-665.0,0.3,0.25918177931828207,0.19223618486409733,fliff
ASSISTS,Mason Lohrei,,0.5,260,-375.0,0.4,0.3296799539643607,0.1868478342716985,betmgm
ASSISTS,Mason Lohrei,,0.5,260,-370.0,0.4,0.3296799539643607,0.1868478342716985,draftkings
POINTS,Matias Maccelli,,0.5,135,-175.0,0.7,0.5034146962085905,0.18302453609018765,draftkings
POINTS,Morgan Rielly,,0.5,135,-175.0,0.7,0.5034146962085905,0.18302453609018765,betmgm
POINTS,Pavel Zacha,,0.5,135,-175.0,0.7,0.5034146962085905,0.18302453609018765,fanatics
SOG,Zack Bolduc,,1.5,-102,-127.0,2.0,0.5939941502901616,0.17634135645698668,betonlineag
POINTS,Charlie McAvoy,,0.5,132,-170.0,0.7,0.5034146962085905,0.1679220952039301,fanduel
GOALS,Brock Nelson,,0.5,350,-645.0,0.3,0.25918177931828207,0.16631800693226928,fliff
SOG,Zack Bolduc,,1.5,-105,-130.0,2.0,0.5939941502901616,0.15970286485222018,betmgm
SOG,Zack Bolduc,,1.5,-105,-125.0,2.0,0.5939941502901616,0.15970286485222018,draftkings
POINTS,Charlie McAvoy,,0.5,130,-175.0,0.7,0.5034146962085905,0.157853801279758,betmgm
POINTS,Pavel Zacha,,0.5,130,-169.0,0.7,0.5034146962085905,0.157853801279758,betonlineag
ASSISTS,Mike Matheson,,0.5,250,-350.0,0.4,0.3296799539643607,0.15387983887526235,betmgm
ASSISTS,Mike Matheson,,0.5,250,-350.0,0.4,0.3296799539643607,0.15387983887526235,draftkings
ASSISTS,Mike Matheson,,0.5,250,-350.0,0.4,0.3296799539643607,0.15387983887526235,fanatics
GOALS,Andrei Kuzmenko,,0.5,345,-630.0,0.3,0.25918177931828207,0.15335891796635515,fliff
GOALS,Casey Mittelstadt,,1.5,3000,,0.3,0.03693631311376678,0.14502570652677016,betrivers
GOALS,Matias Maccelli,,1.5,3000,,0.3,0.03693631311376678,0.14502570652677016,betrivers
GOALS,Nicolas Roy,,1.5,3000,,0.3,0.03693631311376678,0.14502570652677016,betrivers
GOALS,Pavel Zacha,,1.5,3000,,0.3,0.03693631311376678,0.14502570652677016,betrivers
GOALS,Ryan Leonard,,1.5,3000,,0.3,0.03693631311376678,0.14502570652677016,betrivers
SOG,Zack Bolduc,,1.5,-108,-125.0,2.0,0.5939941502901616,0.14398873389216305,williamhill_us
GOALS,Aliaksei Protas,,0.5,340,-550.0,0.3,0.25918177931828207,0.14039982900044112,fanduel
POINTS,Matias Maccelli,,0.5,126,-164.0,0.7,0.5034146962085905,0.1377172134314144,betonlineag
POINTS,Pavel Zacha,,0.5,126,-162.0,0.7,0.5034146962085905,0.1377172134314144,fanduel
POINTS,Charlie McAvoy,,0.5,125,-165.0,0.7,0.5034146962085905,0.1326830664693286,fanatics
POINTS,Morgan Rielly,,0.5,125,-165.0,0.7,0.5034146962085905,0.1326830664693286,fanatics
POINTS,Pavel Zacha,,0.5,125,-165.0,0.7,0.5034146962085905,0.1326830664693286,betmgm
ASSISTS,Juraj Slafkovsky,,0.5,240,-350.0,0.4,0.3296799539643607,0.12091184347882622,fanatics
GOALS,Bobby McMann,,0.5,330,-500.0,0.3,0.25918177931828207,0.11448165106861274,fanduel
SOG,Aliaksei Protas,,1.5,-115,-115.0,2.0,0.5939941502901616,0.11051080271638891,fanatics
SOG,Mike Matheson,,1.5,-115,-118.0,2.0,0.5939941502901616,0.11051080271638891,betmgm
POINTS,Charlie McAvoy,,0.5,120,-156.0,0.7,0.5034146962085905,0.10751233165889917,betonlineag
POINTS,Ivan Demidov,,0.5,120,-160.0,0.7,0.5034146962085905,0.10751233165889917,betmgm
POINTS,Ivan Demidov,,0.5,120,-160.0,0.7,0.5034146962085905,0.10751233165889917,fanatics
POINTS,Morgan Rielly,,0.5,120,-154.0,0.7,0.5034146962085905,0.10751233165889917,draftkings
SOG,Aliaksei Protas,,1.5,-118,-110.0,2.0,0.5939941502901616,0.09737902341741711,betonlineag
POINTS,Morgan Rielly,,0.5,117,-152.0,0.7,0.5034146962085905,0.09240989077264128,betonlineag
SOG,Aliaksei Protas,,1.5,-120,-110.0,2.0,0.5939941502901616,0.08898927553196295,betmgm
SOG,Aliaksei Protas,,1.5,-120,-110.0,2.0,0.5939941502901616,0.08898927553196295,draftkings
SOG,Aliaksei Protas,,1.5,-120,-108.0,2.0,0.5939941502901616,0.08898927553196295,fanduel
GOALS,Aliaksei Protas,,0.5,320,-525.0,0.3,0.25918177931828207,0.0885634731367847,fanatics
GOALS,Elias Lindholm,,0.5,320,-525.0,0.3,0.25918177931828207,0.0885634731367847,fanatics
GOALS,Matias Maccelli,,0.5,320,-490.0,0.3,0.25918177931828207,0.0885634731367847,fanduel
ASSISTS,Ivan Demidov,,0.5,230,-325.0,0.4,0.3296799539643607,0.0879438480823902,betmgm
ASSISTS,Ivan Demidov,,0.5,230,-320.0,0.4,0.3296799539643607,0.0879438480823902,draftkings
ASSISTS,Ivan Demidov,,0.5,230,-325.0,0.4,0.3296799539643607,0.0879438480823902,fanatics
POINTS,Ivan Demidov,,0.5,116,-148.0,0.7,0.5034146962085905,0.08737574381055546,fanduel
POINTS,Juraj Slafkovsky,,0.5,116,-148.0,0.7,0.5034146962085905,0.08737574381055546,fanduel
SOG,Aliaksei Protas,,1.5,-121,-112.0,2.0,0.5939941502901616,0.08489840672831156,williamhill_us
GOALS,Arber Xhekaj,,2.5,30000,,0.3,0.003599493183089468,0.08344744810992999,betrivers
GOALS,Brandon Carlo,,2.5,30000,,0.3,0.003599493183089468,0.08344744810992999,betrivers
GOALS,Jordan Harris,,2.5,30000,,0.3,0.003599493183089468,0.08344744810992999,betrivers
GOALS,Trevor van Riemsdyk,,2.5,30000,,0.3,0.003599493183089468,0.08344744810992999,betrivers
POINTS,Jakob Chychrun,,0.5,115,-148.0,0.7,0.5034146962085905,0.08234159684846942,draftkings
SOG,Brendan Gallagher,,1.5,-123,-104.0,2.0,0.5939941502901616,0.07691622369679696,betonlineag
GOALS,Martin Necas,,0.5,315,-555.0,0.3,0.25918177931828207,0.07560438417087068,fliff
GOALS,Jakob Chychrun,,1.5,2800,,0.3,0.03693631311376678,0.07115308029923662,betrivers
GOALS,Viktor Arvidsson,,1.5,2800,,0.3,0.03693631311376678,0.07115308029923662,betrivers
SOG,Brendan Gallagher,,1.5,-125,-105.0,2.0,0.5939941502901616,0.06918947052229085,draftkings
SOG,Brendan Gallagher,,1.5,-125,-105.0,2.0,0.5939941502901616,0.06918947052229085,fanatics
POINTS,Jakob Chychrun,,0.5,112,-145.0,0.7,0.5034146962085905,0.06723915596221186,betonlineag
POINTS,Matias Maccelli,,0.5,112,-142.0,0.7,0.5034146962085905,0.06723915596221186,fanduel
GOALS,Elias Lindholm,,0.5,310,-470.0,0.3,0.25918177931828207,0.06264529520495632,fanduel
POINTS,Jakob Chychrun,,0.5,110,-150.0,0.7,0.5034146962085905,0.057170862038040005,betmgm
POINTS,Jakob Chychrun,,0.5,110,-145.0,0.7,0.5034146962085905,0.057170862038040005,fanatics
POINTS,Jakob Chychrun,,0.5,110,-140.0,0.7,0.5034146962085905,0.057170862038040005,fanduel
POINTS,Juraj Slafkovsky,,0.5,110,-145.0,0.7,0.5034146962085905,0.057170862038040005,fanatics
ASSISTS,Juraj Slafkovsky,,0.5,220,-300.0,0.4,0.3296799539643607,0.054975852685954174,betmgm
ASSISTS,Juraj Slafkovsky,,0.5,220,-300.0,0.4,0.3296799539643607,0.054975852685954174,draftkings
ASSISTS,Pavel Zacha,,0.5,220,-300.0,0.4,0.3296799539643607,0.054975852685954174,draftkings
ASSISTS,Pavel Zacha,,0.5,220,-300.0,0.4,0.3296799539643607,0.054975852685954174,fanatics
POINTS,Juraj Slafkovsky,,0.5,109,-141.0,0.7,0.5034146962085905,0.052136715075953965,betonlineag
SOG,Brendan Gallagher,,1.5,-130,-105.0,2.0,0.5939941502901616,0.05091272743643965,betmgm
SOG,Brendan Gallagher,,1.5,-130,-105.0,2.0,0.5939941502901616,0.05091272743643965,williamhill_us
SOG,Patrik Laine,,1.5,-130,-105.0,2.0,0.5939941502901616,0.05091272743643965,betmgm
SOG,Pierre-Luc Dubois,,1.5,-130,100.0,2.0,0.5939941502901616,0.05091272743643965,fanatics
POINTS,Morgan Rielly,,0.5,108,-138.0,0.7,0.5034146962085905,0.04710256811386826,fanduel
SOG,Patrik Laine,,1.5,-132,-103.0,2.0,0.5939941502901616,0.04398971869179913,williamhill_us
SOG,Patrik Laine,,1.5,-135,105.0,2.0,0.5939941502901616,0.03398981717176269,draftkings
SOG,Pierre-Luc Dubois,,1.5,-135,104.0,2.0,0.5939941502901616,0.03398981717176269,betonlineag
SOG,Pierre-Luc Dubois,,1.5,-135,105.0,2.0,0.5939941502901616,0.03398981717176269,draftkings
SOG,Pierre-Luc Dubois,,1.5,-135,104.0,2.0,0.5939941502901616,0.03398981717176269,fanduel
POINTS,Aliaksei Protas,,0.5,105,-140.0,0.7,0.5034146962085905,0.032000127227610364,betmgm
POINTS,Aliaksei Protas,,0.5,105,-135.0,0.7,0.5034146962085905,0.032000127227610364,draftkings
POINTS,Connor McMichael,,0.5,105,-140.0,0.7,0.5034146962085905,0.032000127227610364,fanatics
POINTS,Elias Lindholm,,0.5,105,-140.0,0.7,0.5034146962085905,0.032000127227610364,fanatics
POINTS,Ivan Demidov,,0.5,105,-135.0,0.7,0.5034146962085905,0.032000127227610364,draftkings
POINTS,Juraj Slafkovsky,,0.5,105,-140.0,0.7,0.5034146962085905,0.032000127227610364,betmgm
POINTS,Juraj Slafkovsky,,0.5,105,-135.0,0.7,0.5034146962085905,0.032000127227610364,draftkings
POINTS,Ivan Demidov,,0.5,104,-135.0,0.7,0.5034146962085905,0.026965980265524547,betonlineag
GOALS,Artturi Lehkonen,,0.5,295,-505.0,0.3,0.25918177931828207,0.02376802830721414,fliff
ASSISTS,Connor McMichael,,0.5,210,-285.0,0.4,0.3296799539643607,0.02200785728951815,draftkings
ASSISTS,Connor McMichael,,0.5,210,-285.0,0.4,0.3296799539643607,0.02200785728951815,fanatics
ASSISTS,Noah Dobson,,0.5,210,-285.0,0.4,0.3296799539643607,0.02200785728951815,draftkings
ASSISTS,Noah Dobson,,0.5,210,-285.0,0.4,0.3296799539643607,0.02200785728951815,fanatics
ASSISTS,Pavel Zacha,,0.5,210,-295.0,0.4,0.3296799539643607,0.02200785728951815,betmgm
POINTS,Aliaksei Protas,,0.5,103,-133.0,0.7,0.5034146962085905,0.02193183330343873,betonlineag
SOG,Connor McMichael,,1.5,-140,105.0,2.0,0.5939941502901616,0.01827568621170561,fanatics
SOG,Patrik Laine,,1.5,-140,105.0,2.0,0.5939941502901616,0.01827568621170561,fanatics
SOG,Pierre-Luc Dubois,,1.5,-140,105.0,2.0,0.5939941502901616,0.01827568621170561,betmgm
POINTS,Elias Lindholm,,0.5,102,-132.0,0.7,0.5034146962085905,0.016897686341352802,betonlineag
SOG,Patrik Laine,,1.5,-141,109.0,2.0,0.5939941502901616,0.015266597304460616,betonlineag
SOG,Pierre-Luc Dubois,,1.5,-141,105.0,2.0,0.5939941502901616,0.015266597304460616,williamhill_us
SOG,Connor McMichael,,1.5,-142,110.0,2.0,0.5939941502901616,0.012299889931120356,draftkings
GOALS,Connor McMichael,,0.5,290,-450.0,0.3,0.25918177931828207,0.010808939341300006,fanatics
GOALS,Connor McMichael,,0.5,290,-440.0,0.3,0.25918177931828207,0.010808939341300006,fanduel
GOALS,Ivan Demidov,,0.5,290,-440.0,0.3,0.25918177931828207,0.010808939341300006,fanduel
GOALS,Juraj Slafkovsky,,0.5,290,-440.0,0.3,0.25918177931828207,0.010808939341300006,fanduel
GOALS,Pierre-Luc Dubois,,0.5,290,-440.0,0.3,0.25918177931828207,0.010808939341300006,fanduel
GOALS,Quinton Byfield,,0.5,290,-495.0,0.3,0.25918177931828207,0.010808939341300006,fliff
POINTS,Aliaksei Protas,,0.5,100,-130.0,0.7,0.5034146962085905,0.006829392417180946,fanatics
POINTS,Aliaksei Protas,,0.5,100,-128.0,0.7,0.5034146962085905,0.006829392417180946,fanduel
POINTS,Connor McMichael,,0.5,100,-130.0,0.7,0.5034146962085905,0.006829392417180946,betonlineag
POINTS,Connor McMichael,,0.5,100,-130.0,0.7,0.5034146962085905,0.006829392417180946,draftkings
POINTS,Elias Lindholm,,0.5,100,-130.0,0.7,0.5034146962085905,0.006829392417180946,betmgm
POINTS,Elias Lindholm,,0.5,100,-130.0,0.7,0.5034146962085905,0.006829392417180946,draftkings
POINTS,Elias Lindholm,,0.5,100,-128.0,0.7,0.5034146962085905,0.006829392417180946,fanduel
SOG,Connor McMichael,,1.5,-145,105.0,2.0,0.5939941502901616,0.003645288421307513,betmgm
SOG,Ivan Demidov,,1.5,-145,110.0,2.0,0.5939941502901616,0.003645288421307513,fanatics
SOG,Connor McMichael,,1.5,-147,113.0,2.0,0.5939941502901616,-0.001928196451225217,betonlineag
SOG,Ivan Demidov,,1.5,-147,114.0,2.0,0.5939941502901616,-0.001928196451225217,betonlineag
GOALS,Valeri Nichushkin,,0.5,285,-475.0,0.3,0.25918177931828207,-0.0021501496246140173,fliff
SOG,Connor McMichael,,1.5,-148,105.0,2.0,0.5939941502901616,-0.004658450865134667,williamhill_us
SOG,Dylan Strome,,1.5,-148,115.0,2.0,0.5939941502901616,-0.004658450865134667,draftkings
SOG,Ivan Demidov,,1.5,-148,115.0,2.0,0.5939941502901616,-0.004658450865134667,draftkings
GOALS,Henri Jokiharju,,2.5,27500,,0.3,0.003599493183089468,-0.006539881467306774,betrivers
GOALS,Kaiden Guhle,,2.5,27500,,0.3,0.003599493183089468,-0.006539881467306774,betrivers
GOALS,Mason Lohrei,,2.5,27500,,0.3,0.003599493183089468,-0.006539881467306774,betrivers
SOG,Dylan Strome,,1.5,-149,115.0,2.0,0.5939941502901616,-0.007352057568790482,betonlineag
SOG,Bobby McMann,,1.5,-150,115.0,2.0,0.5939941502901616,-0.010009749516397493,fanatics
SOG,Bobby McMann,,1.5,-150,110.0,2.0,0.5939941502901616,-0.010009749516397493,williamhill_us
SOG,Dylan Strome,,1.5,-150,115.0,2.0,0.5939941502901616,-0.010009749516397493,fanatics
SOG,Ivan Demidov,,1.5,-150,110.0,2.0,0.5939941502901616,-0.010009749516397493,betmgm
SOG,Ivan Demidov,,1.5,-150,110.0,2.0,0.5939941502901616,-0.010009749516397493,williamhill_us
SOG,Tom Wilson,,1.5,-150,115.0,2.0,0.5939941502901616,-0.010009749516397493,fanatics
ASSISTS,Connor McMichael,,0.5,200,-285.0,0.4,0.3296799539643607,-0.010960138106917983,betmgm
ASSISTS,Noah Dobson,,0.5,200,-285.0,0.4,0.3296799539643607,-0.010960138106917983,betmgm
POINTS,Lane Hutson,,0.5,-104,-122.0,0.7,0.5034146962085905,-0.012532711283149367,fanduel
SOG,Dylan Strome,,1.5,-152,116.0,2.0,0.5939941502901616,-0.015220224518942671,fanduel
SOG,Dylan Strome,,1.5,-152,110.0,2.0,0.5939941502901616,-0.015220224518942671,williamhill_us
SOG,Ivan Demidov,,1.5,-152,116.0,2.0,0.5939941502901616,-0.015220224518942671,fanduel
POINTS,Connor McMichael,,0.5,-105,-130.0,0.7,0.5034146962085905,-0.01714273597370436,betmgm
POINTS,John Carlson,,0.5,-105,-125.0,0.7,0.5034146962085905,-0.01714273597370436,betmgm
POINTS,John Carlson,,0.5,-105,-125.0,0.7,0.5034146962085905,-0.01714273597370436,draftkings
POINTS,John Carlson,,0.5,-105,-125.0,0.7,0.5034146962085905,-0.01714273597370436,fanatics
SOG,Bobby McMann,,1.5,-154,120.0,2.0,0.5939941502901616,-0.020295362508434833,draftkings
SOG,Juraj Slafkovsky,,1.5,-154,120.0,2.0,0.5939941502901616,-0.020295362508434833,draftkings
SOG,Tom Wilson,,1.5,-154,120.0,2.0,0.5939941502901616,-0.020295362508434833,draftkings
POINTS,Connor McMichael,,0.5,-106,-120.0,0.7,0.5034146962085905,-0.021665779066324165,fanduel
SOG,Bobby McMann,,1.5,-155,115.0,2.0,0.5939941502901616,-0.022783817264573014,betmgm
SOG,Dylan Strome,,1.5,-155,110.0,2.0,0.5939941502901616,-0.022783817264573014,betmgm
SOG,Connor McMichael,,1.5,-156,120.0,2.0,0.5939941502901616,-0.025240368754606723,fanduel
SOG,Juraj Slafkovsky,,1.5,-156,120.0,2.0,0.5939941502901616,-0.025240368754606723,fanduel
SOG,Tom Wilson,,1.5,-156,121.0,2.0,0.5939941502901616,-0.025240368754606723,betonlineag
ASSISTS,Cole Caufield,,0.5,195,-275.0,0.4,0.3296799539643607,-0.02744413580513594,betmgm
ASSISTS,Cole Caufield,,0.5,195,-265.0,0.4,0.3296799539643607,-0.02744413580513594,draftkings
SOG,Tom Wilson,,1.5,-157,115.0,2.0,0.5939941502901616,-0.027665626595085924,williamhill_us
POINTS,John Carlson,,0.5,-108,-120.0,0.7,0.5034146962085905,-0.030460585079751634,betonlineag
SOG,Juraj Slafkovsky,,1.5,-159,122.0,2.0,0.5939941502901616,-0.03242462311225264,betonlineag
SOG,John Carlson,,1.5,-160,120.0,2.0,0.5939941502901616,-0.034759505778487465,fanatics
SOG,Juraj Slafkovsky,,1.5,-160,120.0,2.0,0.5939941502901616,-0.034759505778487465,betmgm
SOG,Morgan Geekie,,1.5,-160,120.0,2.0,0.5939941502901616,-0.034759505778487465,fanatics
SOG,Tom Wilson,,1.5,-160,120.0,2.0,0.5939941502901616,-0.034759505778487465,betmgm
SOG,Elias Lindholm,,1.5,-162,126.0,2.0,0.5939941502901616,-0.039342793975170764,draftkings
SOG,John Carlson,,1.5,-162,126.0,2.0,0.5939941502901616,-0.039342793975170764,draftkings
SOG,Morgan Geekie,,1.5,-162,126.0,2.0,0.5939941502901616,-0.039342793975170764,draftkings
GOALS,Bobby McMann,,1.5,2500,,0.3,0.03693631311376678,-0.0396558590420637,betrivers
GOALS,Juraj Slafkovsky,,0.5,270,-425.0,0.3,0.25918177931828207,-0.04102741652235631,fanatics
GOALS,Nick Suzuki,,0.5,270,-400.0,0.3,0.25918177931828207,-0.04102741652235631,fanduel
GOALS,Pierre-Luc Dubois,,0.5,270,-425.0,0.3,0.25918177931828207,-0.04102741652235631,fanatics
POINTS,Morgan Geekie,,0.5,-111,-115.0,0.7,0.5034146962085905,-0.04305855045033696,fanduel
SOG,Bobby McMann,,1.5,-164,125.0,2.0,0.5939941502901616,-0.04381429465486181,betonlineag
SOG,John Carlson,,1.5,-164,120.0,2.0,0.5939941502901616,-0.04381429465486181,williamhill_us
SOG,Morgan Geekie,,1.5,-164,125.0,2.0,0.5939941502901616,-0.04381429465486181,betonlineag
SOG,Morgan Geekie,,1.5,-164,125.0,2.0,0.5939941502901616,-0.04381429465486181,fanduel
SOG,Morgan Geekie,,1.5,-164,120.0,2.0,0.5939941502901616,-0.04381429465486181,williamhill_us
SOG,Tom Wilson,,1.5,-164,125.0,2.0,0.5939941502901616,-0.04381429465486181,fanduel
ASSISTS,Aliaksei Protas,,0.5,190,-255.0,0.4,0.3296799539643607,-0.043928133503354116,draftkings
ASSISTS,Cole Caufield,,0.5,190,-260.0,0.4,0.3296799539643607,-0.043928133503354116,fanatics
SOG,Elias Lindholm,,1.5,-165,120.0,2.0,0.5939941502901616,-0.04600939498852846,betmgm
SOG,John Carlson,,1.5,-165,125.0,2.0,0.5939941502901616,-0.04600939498852846,betmgm
SOG,Juraj Slafkovsky,,1.5,-165,125.0,2.0,0.5939941502901616,-0.04600939498852846,fanatics
SOG,Morgan Geekie,,1.5,-165,120.0,2.0,0.5939941502901616,-0.04600939498852846,betmgm
SOG,Elias Lindholm,,1.5,-167,127.0,2.0,0.5939941502901616,-0.050320729775610085,betonlineag
SOG,John Carlson,,1.5,-167,127.0,2.0,0.5939941502901616,-0.050320729775610085,betonlineag
SOG,Elias Lindholm,,1.5,-168,128.0,2.0,0.5939941502901616,-0.05243790310855173,fanduel
SOG,Elias Lindholm,,1.5,-170,130.0,2.0,0.5939941502901616,-0.056597526009743326,fanatics
POINTS,John Carlson,,0.5,-115,-111.0,0.7,0.5034146962085905,-0.058833394044809195,fanduel
POINTS,Morgan Geekie,,0.5,-115,-115.0,0.7,0.5034146962085905,-0.058833394044809195,fanatics
ASSISTS,Aliaksei Protas,,0.5,185,-250.0,0.4,0.3296799539643607,-0.06041213120157207,betmgm
ASSISTS,Aliaksei Protas,,0.5,185,-250.0,0.4,0.3296799539643607,-0.06041213120157207,fanatics
ASSISTS,Elias Lindholm,,0.5,185,-248.0,0.4,0.3296799539643607,-0.06041213120157207,draftkings
ASSISTS,Elias Lindholm,,0.5,185,-250.0,0.4,0.3296799539643607,-0.06041213120157207,fanatics
POINTS,Morgan Geekie,,0.5,-116,-111.0,0.7,0.5034146962085905,-0.0626071174046936,betonlineag
SOG,John Carlson,,1.5,-174,132.0,2.0,0.5939941502901616,-0.06462990126721685,fanduel
POINTS,Lane Hutson,,0.5,-118,-110.0,0.7,0.5034146962085905,-0.06996267988582439,betonlineag
GOALS,Elias Lindholm,,1.5,2400,,0.3,0.03693631311376678,-0.07659217215583047,betrivers
ASSISTS,Charlie McAvoy,,0.5,180,-250.0,0.4,0.3296799539643607,-0.07689612889979014,betmgm
ASSISTS,Elias Lindholm,,0.5,180,-250.0,0.4,0.3296799539643607,-0.07689612889979014,betmgm
POINTS,Lane Hutson,,0.5,-120,-110.0,0.7,0.5034146962085905,-0.07707305695091737,betmgm
POINTS,Lane Hutson,,0.5,-120,-110.0,0.7,0.5034146962085905,-0.07707305695091737,draftkings
POINTS,Morgan Geekie,,0.5,-120,-110.0,0.7,0.5034146962085905,-0.07707305695091737,betmgm
POINTS,Cole Caufield,,0.5,-122,-104.0,0.7,0.5034146962085905,-0.08395030689912225,fanduel
SOG,Viktor Arvidsson,,1.5,-185,135.0,2.0,0.5939941502901616,-0.08492793063407544,betmgm
SOG,Matias Maccelli,,1.5,-188,145.0,2.0,0.5939941502901616,-0.09005151444911419,draftkings
SOG,Matthew Knies,,1.5,-188,145.0,2.0,0.5939941502901616,-0.09005151444911419,draftkings
ASSISTS,Jakob Chychrun,,0.5,176,-234.0,0.4,0.3296799539643607,-0.09008332705836464,draftkings
ASSISTS,Morgan Geekie,,0.5,176,-234.0,0.4,0.3296799539643607,-0.09008332705836464,draftkings
GOALS,Morgan Geekie,,0.5,250,-380.0,0.3,0.25918177931828207,-0.09286377238601284,fanduel
SOG,Noah Dobson,,1.5,-190,140.0,2.0,0.5939941502901616,-0.0933773495571219,betmgm
SOG,Viktor Arvidsson,,1.5,-190,135.0,2.0,0.5939941502901616,-0.0933773495571219,williamhill_us
ASSISTS,Jakob Chychrun,,0.5,175,-240.0,0.4,0.3296799539643607,-0.0933801265980081,fanatics
ASSISTS,Morgan Geekie,,0.5,175,-235.0,0.4,0.3296799539643607,-0.0933801265980081,betmgm
ASSISTS,Morgan Geekie,,0.5,175,-240.0,0.4,0.3296799539643607,-0.0933801265980081,fanatics
POINTS,Cole Caufield,,0.5,-125,-105.0,0.7,0.5034146962085905,-0.09385354682453712,fanatics
POINTS,Lane Hutson,,0.5,-125,-105.0,0.7,0.5034146962085905,-0.09385354682453712,fanatics
GOALS,Henry Thrun,,2.5,25000,,0.3,0.003599493183089468,-0.09652721104454343,betrivers
GOALS,Jake McCabe,,2.5,25000,,0.3,0.003599493183089468,-0.09652721104454343,betrivers
GOALS,Matt Roy,,2.5,25000,,0.3,0.003599493183089468,-0.09652721104454343,betrivers
GOALS,Oliver Ekman-Larsson,,2.5,25000,,0.3,0.003599493183089468,-0.09652721104454343,betrivers
SOG,Matias Maccelli,,1.5,-192,147.0,2.0,0.5939941502901616,-0.09663389643371256,betonlineag
SOG,Matias Maccelli,,1.5,-196,148.0,2.0,0.5939941502901616,-0.10294760976587852,fanduel
POINTS,Cole Caufield,,0.5,-128,-101.0,0.7,0.5034146962085905,-0.10329257237844824,betonlineag
SOG,Matias Maccelli,,1.5,-197,140.0,2.0,0.5939941502901616,-0.10448597646610164,williamhill_us
SOG,Matthew Knies,,1.5,-197,140.0,2.0,0.5939941502901616,-0.10448597646610164,williamhill_us
SOG,Noah Dobson,,1.5,-197,140.0,2.0,0.5939941502901616,-0.10448597646610164,williamhill_us
SOG,Matias Maccelli,,1.5,-200,140.0,2.0,0.5939941502901616,-0.10900877456475766,betmgm
SOG,Matias Maccelli,,1.5,-200,150.0,2.0,0.5939941502901616,-0.10900877456475766,fanatics
SOG,Matthew Knies,,1.5,-200,145.0,2.0,0.5939941502901616,-0.10900877456475766,betmgm
SOG,Noah Dobson,,1.5,-200,150.0,2.0,0.5939941502901616,-0.10900877456475766,fanatics
POINTS,Pierre-Luc Dubois,,0.5,-130,100.0,0.7,0.5034146962085905,-0.10934322978480149,fanatics
ASSISTS,Jakob Chychrun,,0.5,170,-235.0,0.4,0.3296799539643607,-0.10986412429622616,betmgm
ASSISTS,Morgan Rielly,,0.5,170,-225.0,0.4,0.3296799539643607,-0.10986412429622616,betmgm
SOG,Noah Dobson,,1.5,-204,155.0,2.0,0.5939941502901616,-0.11483224662642588,draftkings
GOALS,Nick Suzuki,,0.5,240,-375.0,0.3,0.25918177931828207,-0.118781950317841,fanatics
POINTS,Cole Caufield,,0.5,-135,100.0,0.7,0.5034146962085905,-0.12368552882208328,betmgm
POINTS,Cole Caufield,,0.5,-135,105.0,0.7,0.5034146962085905,-0.12368552882208328,draftkings
POINTS,Pierre-Luc Dubois,,0.5,-135,100.0,0.7,0.5034146962085905,-0.12368552882208328,betmgm
POINTS,Pierre-Luc Dubois,,0.5,-135,104.0,0.7,0.5034146962085905,-0.12368552882208328,betonlineag
POINTS,Pierre-Luc Dubois,,0.5,-135,105.0,0.7,0.5034146962085905,-0.12368552882208328,draftkings
ASSISTS,Charlie McAvoy,,0.5,165,-225.0,0.4,0.3296799539643607,-0.12634812199444423,fanatics
POINTS,Pierre-Luc Dubois,,0.5,-142,112.0,0.7,0.5034146962085905,-0.14206791209521907,fanduel
ASSISTS,Morgan Rielly,,0.5,160,-210.0,0.4,0.3296799539643607,-0.14283211969266218,fanatics
SOG,Matthew Knies,,2.5,165,-225.0,2.0,0.32332358381693654,-0.1431925028851181,fanatics
GOALS,Adrian Kempe,,0.5,230,-360.0,0.3,0.25918177931828207,-0.14470012824966927,fliff
GOALS,Dylan Strome,,0.5,230,-320.0,0.3,0.25918177931828207,-0.14470012824966927,fanduel
GOALS,Morgan Geekie,,0.5,230,-350.0,0.3,0.25918177931828207,-0.14470012824966927,fanatics
POINTS,Matthew Knies,,0.5,-145,110.0,0.7,0.5034146962085905,-0.1494027546820368,fanatics
GOALS,Ivan Demidov,,1.5,2200,,0.3,0.03693631311376678,-0.15046479838336413,betrivers
SOG,Matthew Knies,,2.5,161,-213.0,2.0,0.32332358381693654,-0.15612544623779545,betonlineag
ASSISTS,John Tavares,,0.5,155,-204.0,0.4,0.3296799539643607,-0.15931611739088036,draftkings
ASSISTS,Morgan Rielly,,0.5,155,-204.0,0.4,0.3296799539643607,-0.15931611739088036,draftkings
GOALS,Cole Caufield,,0.5,220,-310.0,0.3,0.25918177931828207,-0.17061830618149743,fanduel
ASSISTS,Alex Ovechkin,,0.5,150,-200.0,0.4,0.3296799539643607,-0.17580011508909832,fanatics
ASSISTS,Matthew Knies,,0.5,150,-198.0,0.4,0.3296799539643607,-0.17580011508909832,draftkings
ASSISTS,Matthew Knies,,0.5,150,-200.0,0.4,0.3296799539643607,-0.17580011508909832,fanatics
SOG,Matthew Knies,,2.5,154,-205.0,2.0,0.32332358381693654,-0.17875809710498108,fanduel
POINTS,John Tavares,,0.5,-160,120.0,0.7,0.5034146962085905,-0.18195111866104047,betmgm
POINTS,John Tavares,,0.5,-160,120.0,0.7,0.5034146962085905,-0.18195111866104047,fanatics
POINTS,Matthew Knies,,0.5,-160,120.0,0.7,0.5034146962085905,-0.18195111866104047,betmgm
POINTS,Matthew Knies,,0.5,-162,126.0,0.7,0.5034146962085905,-0.1858354913169709,draftkings
POINTS,Tom Wilson,,0.5,-162,126.0,0.7,0.5034146962085905,-0.1858354913169709,draftkings
GOALS,David Kampf,,2.5,22500,,0.3,0.003599493183089468,-0.1865145406217802,betrivers
GOALS,John Beecher,,2.5,22500,,0.3,0.003599493183089468,-0.1865145406217802,betrivers
GOALS,Lane Hutson,,2.5,22500,,0.3,0.003599493183089468,-0.1865145406217802,betrivers
GOALS,Michael Eyssimont,,2.5,22500,,0.3,0.003599493183089468,-0.1865145406217802,betrivers
GOALS,Mike Matheson,,2.5,22500,,0.3,0.003599493183089468,-0.1865145406217802,betrivers
GOALS,Nikita Zadorov,,2.5,22500,,0.3,0.003599493183089468,-0.1865145406217802,betrivers
GOALS,Sean Kuraly,,2.5,22500,,0.3,0.003599493183089468,-0.1865145406217802,betrivers
POINTS,Matthew Knies,,0.5,-164,126.0,0.7,0.5034146962085905,-0.18962512317641528,betonlineag
POINTS,Tom Wilson,,0.5,-165,125.0,0.7,0.5034146962085905,-0.19148548790741537,fanatics
ASSISTS,Alex Ovechkin,,0.5,145,-200.0,0.4,0.3296799539643607,-0.19228411278731627,betmgm
ASSISTS,Alex Ovechkin,,0.5,145,-188.0,0.4,0.3296799539643607,-0.19228411278731627,draftkings
ASSISTS,John Tavares,,0.5,145,-200.0,0.4,0.3296799539643607,-0.19228411278731627,betmgm
ASSISTS,Matthew Knies,,0.5,145,-200.0,0.4,0.3296799539643607,-0.19228411278731627,betmgm
POINTS,Tom Wilson,,0.5,-167,127.0,0.7,0.5034146962085905,-0.19513937791800212,betonlineag
GOALS,Dylan Strome,,0.5,210,-325.0,0.3,0.25918177931828207,-0.19653648411332558,fanatics
SOG,Nick Suzuki,,2.5,148,-196.0,2.0,0.32332358381693654,-0.19815751213399735,fanduel
SOG,Viktor Arvidsson,,2.5,148,-196.0,2.0,0.32332358381693654,-0.19815751213399735,fanduel
POINTS,Nick Suzuki,,0.5,-172,132.0,0.7,0.5034146962085905,-0.20390234087943826,betonlineag
SOG,Nick Suzuki,,2.5,146,-192.0,2.0,0.32332358381693654,-0.20462398381033609,betonlineag
SOG,Viktor Arvidsson,,2.5,146,-192.0,2.0,0.32332358381693654,-0.20462398381033609,betonlineag
POINTS,John Tavares,,0.5,-174,136.0,0.7,0.5034146962085905,-0.20726651286693226,fanduel
POINTS,Nick Suzuki,,0.5,-174,136.0,0.7,0.5034146962085905,-0.20726651286693226,fanduel
SOG,Nick Suzuki,,2.5,145,-190.0,2.0,0.32332358381693654,-0.20785721964850534,fanatics
ASSISTS,John Tavares,,0.5,140,-180.0,0.4,0.3296799539643607,-0.2087681104855344,fanatics
POINTS,John Tavares,,0.5,-175,135.0,0.7,0.5034146962085905,-0.20891976310078642,draftkings
POINTS,Nick Suzuki,,0.5,-175,135.0,0.7,0.5034146962085905,-0.20891976310078642,draftkings
POINTS,Tom Wilson,,0.5,-175,130.0,0.7,0.5034146962085905,-0.20891976310078642,betmgm
POINTS,Tom Wilson,,0.5,-180,140.0,0.7,0.5034146962085905,-0.2169104725644148,fanduel
POINTS,John Tavares,,0.5,-182,138.0,0.7,0.5034146962085905,-0.21998382235811803,betonlineag
GOALS,John Tavares,,0.5,200,-270.0,0.3,0.25918177931828207,-0.22245466204515385,fanduel
GOALS,Kevin Fiala,,0.5,200,-310.0,0.3,0.25918177931828207,-0.22245466204515385,fliff
GOALS,Tom Wilson,,0.5,200,-280.0,0.3,0.25918177931828207,-0.22245466204515385,fanduel
POINTS,Matthew Knies,,0.5,-184,142.0,0.7,0.5034146962085905,-0.2229903601997843,fanduel
SOG,Nick Suzuki,,2.5,140,-182.0,2.0,0.32332358381693654,-0.2240233988393523,draftkings
SOG,Nick Suzuki,,2.5,140,-190.0,2.0,0.32332358381693654,-0.2240233988393523,williamhill_us
SOG,Viktor Arvidsson,,2.5,140,-180.0,2.0,0.32332358381693654,-0.2240233988393523,fanatics
GOALS,Juraj Slafkovsky,,1.5,2000,,0.3,0.03693631311376678,-0.22433742461089767,betrivers
GOALS,Zack Bolduc,,1.5,2000,,0.3,0.03693631311376678,-0.22433742461089767,betrivers
ASSISTS,Pierre-Luc Dubois,,0.5,135,-185.0,0.4,0.3296799539643607,-0.2252521081837524,betmgm
ASSISTS,Pierre-Luc Dubois,,0.5,135,-175.0,0.4,0.3296799539643607,-0.2252521081837524,draftkings
POINTS,Nick Suzuki,,0.5,-190,140.0,0.7,0.5034146962085905,-0.2316302005237304,betmgm
GOALS,Matthew Knies,,0.5,195,-270.0,0.3,0.25918177931828207,-0.23541375101106787,fanduel
SOG,Noah Dobson,,2.5,136,-179.0,2.0,0.32332358381693654,-0.2369563421920296,betonlineag
SOG,Nick Suzuki,,2.5,135,-190.0,2.0,0.32332358381693654,-0.24018957803019902,betmgm
ASSISTS,Pierre-Luc Dubois,,0.5,130,-170.0,0.4,0.3296799539643607,-0.24173610588197053,fanatics
GOALS,John Tavares,,0.5,190,-300.0,0.3,0.25918177931828207,-0.24837283997698206,fanatics
GOALS,Tom Wilson,,0.5,190,-300.0,0.3,0.25918177931828207,-0.24837283997698206,fanatics
POINTS,Alex Ovechkin,,0.5,-204,155.0,0.7,0.5034146962085905,-0.2498133938852377,draftkings
ASSISTS,John Carlson,,0.5,126,-162.0,0.4,0.3296799539643607,-0.254923304040545,draftkings
POINTS,Alex Ovechkin,,0.5,-210,155.0,0.7,0.5034146962085905,-0.2568640198825569,betmgm
POINTS,Alex Ovechkin,,0.5,-210,160.0,0.7,0.5034146962085905,-0.2568640198825569,fanatics
POINTS,David Pastrnak,,0.5,-210,160.0,0.7,0.5034146962085905,-0.2568640198825569,fanatics
POINTS,William Nylander,,0.5,-210,160.0,0.7,0.5034146962085905,-0.2568640198825569,fanatics
ASSISTS,John Carlson,,0.5,125,-165.0,0.4,0.3296799539643607,-0.2582201035801885,betmgm
ASSISTS,John Carlson,,0.5,125,-165.0,0.4,0.3296799539643607,-0.2582201035801885,fanatics
ASSISTS,Tom Wilson,,0.5,125,-165.0,0.4,0.3296799539643607,-0.2582201035801885,betmgm
ASSISTS,Tom Wilson,,0.5,125,-165.0,0.4,0.3296799539643607,-0.2582201035801885,fanatics
GOALS,Aliaksei Protas,,1.5,1900,,0.3,0.03693631311376678,-0.26127373772466445,betrivers
GOALS,Pierre-Luc Dubois,,1.5,1900,,0.3,0.03693631311376678,-0.26127373772466445,betrivers
GOALS,Cole Caufield,,0.5,185,-280.0,0.3,0.25918177931828207,-0.26133192894289614,fanatics
GOALS,Matthew Knies,,0.5,185,-280.0,0.3,0.25918177931828207,-0.26133192894289614,fanatics
POINTS,Alex Ovechkin,,0.5,-217,164.0,0.7,0.5034146962085905,-0.264596964524778,betonlineag
POINTS,Dylan Strome,,0.5,-220,160.0,0.7,0.5034146962085905,-0.26776044187841386,betmgm
SOG,Noah Dobson,,2.5,126,-165.0,2.0,0.32332358381693654,-0.26928870057372345,fanduel
GOALS,Brandon Duhaime,,2.5,20000,,0.3,0.003599493183089468,-0.27650187019901684,betrivers
GOALS,Calle Jarnkrok,,2.5,20000,,0.3,0.003599493183089468,-0.27650187019901684,betrivers
GOALS,Charlie McAvoy,,2.5,20000,,0.3,0.003599493183089468,-0.27650187019901684,betrivers
GOALS,Declan Chisholm,,2.5,20000,,0.3,0.003599493183089468,-0.27650187019901684,betrivers
GOALS,Joe Veleno,,2.5,20000,,0.3,0.003599493183089468,-0.27650187019901684,betrivers
GOALS,Justin Sourdif,,2.5,20000,,0.3,0.003599493183089468,-0.27650187019901684,betrivers
GOALS,Matej Blumel,,2.5,20000,,0.3,0.003599493183089468,-0.27650187019901684,betrivers
GOALS,Nic Dowd,,2.5,20000,,0.3,0.003599493183089468,-0.27650187019901684,betrivers
GOALS,Oliver Kapanen,,2.5,20000,,0.3,0.003599493183089468,-0.27650187019901684,betrivers
GOALS,Rasmus Sandin,,2.5,20000,,0.3,0.003599493183089468,-0.27650187019901684,betrivers
GOALS,Steven Lorentz,,2.5,20000,,0.3,0.003599493183089468,-0.27650187019901684,betrivers
GOALS,Tanner Jeannot,,2.5,20000,,0.3,0.003599493183089468,-0.27650187019901684,betrivers
POINTS,Dylan Strome,,0.5,-233,174.0,0.7,0.5034146962085905,-0.2805274942598256,betonlineag
POINTS,William Nylander,,0.5,-233,176.0,0.7,0.5034146962085905,-0.2805274942598256,betonlineag
POINTS,David Pastrnak,,0.5,-235,175.0,0.7,0.5034146962085905,-0.28236628412817955,betmgm
POINTS,Dylan Strome,,0.5,-235,180.0,0.7,0.5034146962085905,-0.28236628412817955,fanduel
POINTS,David Pastrnak,,0.5,-240,180.0,0.7,0.5034146962085905,-0.28682918037116345,draftkings
SOG,Jakob Chychrun,,2.5,120,-160.0,2.0,0.32332358381693654,-0.2886881156027395,betmgm
SOG,Jakob Chychrun,,2.5,120,-156.0,2.0,0.32332358381693654,-0.2886881156027395,betonlineag
SOG,Jakob Chychrun,,2.5,120,-154.0,2.0,0.32332358381693654,-0.2886881156027395,draftkings
SOG,Jakob Chychrun,,2.5,120,-160.0,2.0,0.32332358381693654,-0.2886881156027395,fanatics
SOG,Jakob Chychrun,,2.5,120,-164.0,2.0,0.32332358381693654,-0.2886881156027395,williamhill_us
POINTS,Alex Ovechkin,,0.5,-245,186.0,0.7,0.5034146962085905,-0.29110991758382154,fanduel
POINTS,William Nylander,,0.5,-248,185.0,0.7,0.5034146962085905,-0.2935955069331069,draftkings
SOG,Jakob Chychrun,,2.5,118,-154.0,2.0,0.32332358381693654,-0.2951545872790784,fanduel
POINTS,David Pastrnak,,0.5,-250,187.0,0.7,0.5034146962085905,-0.2952194253079734,betonlineag
POINTS,William Nylander,,0.5,-250,180.0,0.7,0.5034146962085905,-0.2952194253079734,betmgm
GOALS,Patrik Laine,,1.5,1800,,0.3,0.03693631311376678,-0.2982100508384312,betrivers
POINTS,David Pastrnak,,0.5,-260,196.0,0.7,0.5034146962085905,-0.3029642667881055,fanduel
ASSISTS,William Nylander,,0.5,110,-145.0,0.4,0.3296799539643607,-0.3076720966748426,betmgm
ASSISTS,William Nylander,,0.5,110,-142.0,0.4,0.3296799539643607,-0.3076720966748426,draftkings
ASSISTS,William Nylander,,0.5,110,-145.0,0.4,0.3296799539643607,-0.3076720966748426,fanatics
POINTS,Auston Matthews,,0.5,-275,200.0,0.7,0.5034146962085905,-0.31352541426101294,fanatics
ASSISTS,Auston Matthews,,0.5,105,-140.0,0.4,0.3296799539643607,-0.3241560943730607,betmgm
ASSISTS,Auston Matthews,,0.5,105,-135.0,0.4,0.3296799539643607,-0.3241560943730607,draftkings
ASSISTS,David Pastrnak,,0.5,105,-140.0,0.4,0.3296799539643607,-0.3241560943730607,betmgm
ASSISTS,David Pastrnak,,0.5,105,-135.0,0.4,0.3296799539643607,-0.3241560943730607,draftkings
ASSISTS,David Pastrnak,,0.5,105,-140.0,0.4,0.3296799539643607,-0.3241560943730607,fanatics
GOALS,William Nylander,,0.5,155,-210.0,0.3,0.25918177931828207,-0.33908646273838083,fanduel
ASSISTS,Auston Matthews,,0.5,100,-130.0,0.4,0.3296799539643607,-0.34064009207127866,fanatics
ASSISTS,Lane Hutson,,0.5,100,-135.0,0.4,0.3296799539643607,-0.34064009207127866,betmgm
ASSISTS,Lane Hutson,,0.5,100,-130.0,0.4,0.3296799539643607,-0.34064009207127866,draftkings
ASSISTS,Nick Suzuki,,0.5,100,-130.0,0.4,0.3296799539643607,-0.34064009207127866,draftkings
GOALS,Jake Evans,,2.5,18000,,0.3,0.003599493183089468,-0.34849173386080623,betrivers
GOALS,John Carlson,,2.5,18000,,0.3,0.003599493183089468,-0.34849173386080623,betrivers
GOALS,Josh Anderson,,2.5,18000,,0.3,0.003599493183089468,-0.34849173386080623,betrivers
GOALS,Matthew Poitras,,2.5,18000,,0.3,0.003599493183089468,-0.34849173386080623,betrivers
GOALS,Morgan Rielly,,2.5,18000,,0.3,0.003599493183089468,-0.34849173386080623,betrivers
GOALS,Noah Dobson,,2.5,18000,,0.3,0.003599493183089468,-0.34849173386080623,betrivers
GOALS,Scott Laughton,,2.5,18000,,0.3,0.003599493183089468,-0.34849173386080623,betrivers
GOALS,David Pastrnak,,0.5,150,-220.0,0.3,0.25918177931828207,-0.35204555170429486,fanatics
GOALS,Nathan MacKinnon,,0.5,150,-225.0,0.3,0.25918177931828207,-0.35204555170429486,fliff
ASSISTS,Lane Hutson,,0.5,-105,-125.0,0.4,0.3296799539643607,-0.356339137498153,fanatics
ASSISTS,Nick Suzuki,,0.5,-105,-130.0,0.4,0.3296799539643607,-0.356339137498153,betmgm
SOG,John Tavares,,2.5,-105,-123.0,2.0,0.32332358381693654,-0.3687491935002667,betonlineag
SOG,John Tavares,,2.5,-105,-125.0,2.0,0.32332358381693654,-0.3687491935002667,draftkings
SOG,John Tavares,,2.5,-105,-125.0,2.0,0.32332358381693654,-0.3687491935002667,fanatics
GOALS,Morgan Geekie,,1.5,1600,,0.3,0.03693631311376678,-0.37208267706596476,betrivers
SOG,John Tavares,,2.5,-107,-127.0,2.0,0.32332358381693654,-0.374504842522375,williamhill_us
SOG,John Tavares,,2.5,-108,-120.0,2.0,0.32332358381693654,-0.37730272746367766,fanduel
GOALS,William Nylander,,0.5,140,-200.0,0.3,0.25918177931828207,-0.3779637296361231,fanatics
SOG,John Tavares,,2.5,-110,-120.0,2.0,0.32332358381693654,-0.3827458854403938,betmgm
ASSISTS,Dylan Strome,,0.5,-115,-115.0,0.4,0.3296799539643607,-0.38364182519706486,draftkings
GOALS,David Pastrnak,,0.5,135,-180.0,0.3,0.25918177931828207,-0.39092281860203715,fanduel
ASSISTS,Dylan Strome,,0.5,-118,-110.0,0.4,0.3296799539643607,-0.3909302545404184,betmgm
SOG,Cole Caufield,,2.5,-120,-108.0,2.0,0.32332358381693654,-0.40724009633561625,fanduel
GOALS,Connor McMichael,,1.5,1500,,0.3,0.03693631311376678,-0.40901899017973153,betrivers
GOALS,Dakota Joshua,,2.5,16000,,0.3,0.003599493183089468,-0.4204815975225956,betrivers
GOALS,Marat Khusnutdinov,,2.5,16000,,0.3,0.003599493183089468,-0.4204815975225956,betrivers
SOG,Cole Caufield,,2.5,-130,100.0,2.0,0.32332358381693654,-0.42796596709311224,betonlineag
SOG,Cole Caufield,,2.5,-130,100.0,2.0,0.32332358381693654,-0.42796596709311224,fanatics
SOG,Cole Caufield,,2.5,-135,100.0,2.0,0.32332358381693654,-0.43717746520755485,betmgm
SOG,Cole Caufield,,2.5,-135,105.0,2.0,0.32332358381693654,-0.43717746520755485,draftkings
SOG,William Nylander,,2.5,-135,105.0,2.0,0.32332358381693654,-0.43717746520755485,draftkings
SOG,Cole Caufield,,2.5,-136,100.0,2.0,0.32332358381693654,-0.4389384869059042,williamhill_us
SOG,William Nylander,,2.5,-139,107.0,2.0,0.32332358381693654,-0.44406952135073496,betonlineag
SOG,William Nylander,,2.5,-140,100.0,2.0,0.32332358381693654,-0.4457309991709658,betmgm
SOG,William Nylander,,2.5,-140,105.0,2.0,0.32332358381693654,-0.4457309991709658,fanatics
GOALS,Dylan Strome,,1.5,1400,,0.3,0.03693631311376678,-0.4459553032934983,betrivers
GOALS,Nick Suzuki,,1.5,1400,,0.3,0.03693631311376678,-0.4459553032934983,betrivers
SOG,William Nylander,,2.5,-146,112.0,2.0,0.32332358381693654,-0.4552219067194082,fanduel
GOALS,Alex Ovechkin,,0.5,110,-155.0,0.3,0.25918177931828207,-0.4557182634316077,fanatics
GOALS,Alex Ovechkin,,0.5,110,-150.0,0.3,0.25918177931828207,-0.4557182634316077,fanduel
GOALS,Alex Newhook,,2.5,15000,,0.3,0.003599493183089468,-0.45647652935349026,betrivers
GOALS,Auston Matthews,,0.5,105,-145.0,0.3,0.25918177931828207,-0.46867735239752184,fanduel
GOALS,Auston Matthews,,0.5,100,-140.0,0.3,0.25918177931828207,-0.4816364413634359,fanatics
GOALS,Matthew Knies,,1.5,1300,,0.3,0.03693631311376678,-0.4828916164072651,betrivers
GOALS,Tom Wilson,,1.5,1300,,0.3,0.03693631311376678,-0.4828916164072651,betrivers
GOALS,Anthony Beauvillier,,2.5,14000,,0.3,0.003599493183089468,-0.492471461184385,betrivers
GOALS,Brendan Gallagher,,2.5,14000,,0.3,0.003599493183089468,-0.492471461184385,betrivers
GOALS,Max Domi,,2.5,14000,,0.3,0.003599493183089468,-0.492471461184385,betrivers
GOALS,Nicholas Robertson,,2.5,14000,,0.3,0.003599493183089468,-0.492471461184385,betrivers
GOALS,John Tavares,,1.5,1200,,0.3,0.03693631311376678,-0.5198279295210319,betrivers
GOALS,Casey Mittelstadt,,2.5,13000,,0.3,0.003599493183089468,-0.5284663930152796,betrivers
GOALS,Matias Maccelli,,2.5,13000,,0.3,0.003599493183089468,-0.5284663930152796,betrivers
GOALS,Nicolas Roy,,2.5,13000,,0.3,0.003599493183089468,-0.5284663930152796,betrivers
GOALS,Pavel Zacha,,2.5,13000,,0.3,0.003599493183089468,-0.5284663930152796,betrivers
GOALS,Ryan Leonard,,2.5,13000,,0.3,0.003599493183089468,-0.5284663930152796,betrivers
GOALS,Cole Caufield,,1.5,1100,,0.3,0.03693631311376678,-0.5567642426347987,betrivers
GOALS,Jakob Chychrun,,2.5,12000,,0.3,0.003599493183089468,-0.5644613248461743,betrivers
POINTS,Auston Matthews,,1.5,165,-218.0,0.7,0.1558049835546038,-0.5871167935802999,draftkings
POINTS,Auston Matthews,,1.5,164,-217.0,0.7,0.1558049835546038,-0.588674843415846,betonlineag
POINTS,William Nylander,,1.5,164,-215.0,0.7,0.1558049835546038,-0.588674843415846,fanduel
POINTS,Auston Matthews,,1.5,160,-220.0,0.7,0.1558049835546038,-0.5949070427580301,betmgm
GOALS,Bobby McMann,,2.5,11000,,0.3,0.003599493183089468,-0.600456256677069,betrivers
GOALS,Viktor Arvidsson,,2.5,11000,,0.3,0.003599493183089468,-0.600456256677069,betrivers
POINTS,Auston Matthews,,1.5,152,-196.0,0.7,0.1558049835546038,-0.6073714414423984,fanduel
GOALS,Elias Lindholm,,2.5,10000,,0.3,0.003599493183089468,-0.6364511885079637,betrivers
GOALS,Ivan Demidov,,2.5,10000,,0.3,0.003599493183089468,-0.6364511885079637,betrivers
GOALS,David Pastrnak,,1.5,800,,0.3,0.03693631311376678,-0.667573181976099,betrivers
GOALS,William Nylander,,1.5,800,,0.3,0.03693631311376678,-0.667573181976099,betrivers
GOALS,Aliaksei Protas,,2.5,9000,,0.3,0.003599493183089468,-0.6724461203388583,betrivers
GOALS,Juraj Slafkovsky,,2.5,9000,,0.3,0.003599493183089468,-0.6724461203388583,betrivers
GOALS,Pierre-Luc Dubois,,2.5,9000,,0.3,0.003599493183089468,-0.6724461203388583,betrivers
GOALS,Zack Bolduc,,2.5,9000,,0.3,0.003599493183089468,-0.6724461203388583,betrivers
SOG,David Pastrnak,,3.5,110,-142.0,2.0,0.14287653950145296,-0.6999592670469488,draftkings
SOG,David Pastrnak,,3.5,110,-145.0,2.0,0.14287653950145296,-0.6999592670469488,fanatics
SOG,David Pastrnak,,3.5,109,-141.0,2.0,0.14287653950145296,-0.7013880324419633,betonlineag
GOALS,Alex Ovechkin,,1.5,700,,0.3,0.03693631311376678,-0.7045094950898658,betrivers
SOG,David Pastrnak,,3.5,106,-138.0,2.0,0.14287653950145296,-0.7056743286270069,fanduel
SOG,David Pastrnak,,3.5,105,-145.0,2.0,0.14287653950145296,-0.7071030940220214,betmgm
SOG,David Pastrnak,,3.5,105,-143.0,2.0,0.14287653950145296,-0.7071030940220214,williamhill_us
GOALS,Patrik Laine,,2.5,8000,,0.3,0.003599493183089468,-0.7084410521697531,betrivers
SOG,Alex Ovechkin,,3.5,-115,-115.0,2.0,0.14287653950145296,-0.7328829913668489,fanatics
SOG,Auston Matthews,,3.5,-115,-112.0,2.0,0.14287653950145296,-0.7328829913668489,betonlineag
SOG,Auston Matthews,,3.5,-115,-115.0,2.0,0.14287653950145296,-0.7328829913668489,draftkings
SOG,Auston Matthews,,3.5,-115,-115.0,2.0,0.14287653950145296,-0.7328829913668489,fanatics
SOG,Alex Ovechkin,,3.5,-117,-115.0,2.0,0.14287653950145296,-0.7350067600699548,williamhill_us
SOG,Alex Ovechkin,,3.5,-118,-115.0,2.0,0.14287653950145296,-0.7360416473617225,betmgm
SOG,Alex Ovechkin,,3.5,-118,-110.0,2.0,0.14287653950145296,-0.7360416473617225,betonlineag
SOG,Auston Matthews,,3.5,-118,-115.0,2.0,0.14287653950145296,-0.7360416473617225,betmgm
SOG,Alex Ovechkin,,3.5,-120,-106.0,2.0,0.14287653950145296,-0.7380596775806696,fanduel
SOG,Auston Matthews,,3.5,-120,-114.0,2.0,0.14287653950145296,-0.7380596775806696,williamhill_us
SOG,Auston Matthews,,3.5,-122,-106.0,2.0,0.14287653950145296,-0.7400115428744053,fanduel
GOALS,Connor McMichael,,2.5,7000,,0.3,0.003599493183089468,-0.7444359840006478,betrivers
GOALS,Morgan Geekie,,2.5,7000,,0.3,0.003599493183089468,-0.7444359840006478,betrivers
GOALS,Auston Matthews,,1.5,575,,0.3,0.03693631311376678,-0.7506798864820743,betrivers
GOALS,Dylan Strome,,2.5,6600,,0.3,0.003599493183089468,-0.7588339567330056,betrivers
GOALS,Nick Suzuki,,2.5,6600,,0.3,0.003599493183089468,-0.7588339567330056,betrivers
GOALS,Matthew Knies,,2.5,6000,,0.3,0.003599493183089468,-0.7804309158315424,betrivers
GOALS,Tom Wilson,,2.5,6000,,0.3,0.003599493183089468,-0.7804309158315424,betrivers
GOALS,John Tavares,,2.5,5500,,0.3,0.003599493183089468,-0.7984283817469897,betrivers
GOALS,Cole Caufield,,2.5,5000,,0.3,0.003599493183089468,-0.8164258476624371,betrivers
GOALS,William Nylander,,2.5,4000,,0.3,0.003599493183089468,-0.8524207794933318,betrivers
GOALS,David Pastrnak,,2.5,3500,,0.3,0.003599493183089468,-0.8704182454087791,betrivers
GOALS,Alex Ovechkin,,2.5,3300,,0.3,0.003599493183089468,-0.8776172317749581,betrivers
GOALS,Auston Matthews,,2.5,2500,,0.3,0.003599493183089468,-0.9064131772396737,betrivers
