team,player_id,period,player,game_home,game_away,date,shots,goals,assists,points,blocks,saves,toi_sec,is_dressed
Montréal Canadiens,8480018,1,Nick Suzuki,Montréal Canadiens,Carolina Hurricanes,2026-05-25,1.1008333333333333,0.1425,0.16849999999999998,0.31099999999999994,0.4673333333333333,0.0,455.4000000000246,1
Montréal Canadiens,8483515,1,Juraj Slafkovský,Montréal Canadiens,Carolina Hurricanes,2026-05-25,1.1986666666666665,0.13033333333333333,0.17516666666666666,0.3055,0.443,0.0,455.4000000000246,1
Montréal Canadiens,8481540,1,Cole Caufield,Montréal Canadiens,Carolina Hurricanes,2026-05-25,1.1928333333333332,0.1625,0.158,0.3205,0.11516666666666667,0.0,455.4000000000246,1
Montréal Canadiens,8483457,1,Lane Hutson,Montréal Canadiens,Carolina Hurricanes,2026-05-25,0.7846666666666666,0.042166666666666665,0.17483333333333334,0.217,0.6256666666666666,0.0,551.1851851852155,1
Montréal Canadiens,8476875,1,Mike Matheson,Montréal Canadiens,Carolina Hurricanes,2026-05-25,0.8654999999999999,0.035666666666666666,0.182,0.21766666666666667,0.9993333333333333,0.0,551.1851851852155,1
Carolina Hurricanes,8478427,1,Sebastian Aho,Montréal Canadiens,Carolina Hurricanes,2026-05-25,1.2986666666666666,0.19799999999999998,0.164,0.362,0.32116666666666666,0.0,459.1629629629881,1
Carolina Hurricanes,8482093,1,Seth Jarvis,Montréal Canadiens,Carolina Hurricanes,2026-05-25,1.312,0.1035,0.21366666666666667,0.31716666666666665,0.4075,0.0,459.1629629629881,1
Carolina Hurricanes,8477940,1,Nikolaj Ehlers,Montréal Canadiens,Carolina Hurricanes,2026-05-25,1.2966666666666666,0.16533333333333333,0.18033333333333332,0.3456666666666667,0.30666666666666664,0.0,459.1629629629881,1
Carolina Hurricanes,8476958,1,Jaccob Slavin,Montréal Canadiens,Carolina Hurricanes,2026-05-25,1.1668333333333334,0.05683333333333333,0.22383333333333333,0.2806666666666667,0.8688333333333333,0.0,535.6222222222556,1
Carolina Hurricanes,8480817,1,K'Andre Miller,Montréal Canadiens,Carolina Hurricanes,2026-05-25,0.898,0.048,0.17533333333333334,0.22333333333333333,0.36866666666666664,0.0,478.9629629629943,1
Montréal Canadiens,8482487,1,Jakub Dobes,Montréal Canadiens,Carolina Hurricanes,2026-05-25,0.0,0.0,0.0,0.0,0.0,11.337866666666669,1199.9999999999998,1
Carolina Hurricanes,8475883,1,Frederik Andersen,Montréal Canadiens,Carolina Hurricanes,2026-05-25,0.0,0.0,0.0,0.0,0.0,9.912133333333337,1199.9999999999998,1
Montréal Canadiens,8480865,1,Noah Dobson,Montréal Canadiens,Carolina Hurricanes,2026-05-25,0.6441666666666667,0.03883333333333333,0.11666666666666667,0.1555,0.5838333333333333,0.0,367.20740740738785,1
Montréal Canadiens,8478851,1,Alexandre Carrier,Montréal Canadiens,Carolina Hurricanes,2026-05-25,0.5133333333333333,0.043,0.09799999999999999,0.141,0.49816666666666665,0.0,367.20740740738785,1
Carolina Hurricanes,8476906,1,Shayne Gostisbehere,Montréal Canadiens,Carolina Hurricanes,2026-05-25,0.7353333333333333,0.041999999999999996,0.12216666666666666,0.16416666666666666,0.13883333333333334,0.0,296.3407407407318,1
Carolina Hurricanes,8478970,1,Jalen Chatfield,Montréal Canadiens,Carolina Hurricanes,2026-05-25,0.7456666666666666,0.0385,0.13116666666666665,0.16966666666666666,0.379,0.0,368.03703703701814,1
Montréal Canadiens,8481618,1,Alex Newhook,Montréal Canadiens,Carolina Hurricanes,2026-05-25,0.7505,0.13633333333333333,0.0755,0.21183333333333332,0.21883333333333332,0.0,275.3185185185209,1
Montréal Canadiens,8478133,1,Jake Evans,Montréal Canadiens,Carolina Hurricanes,2026-05-25,0.6208333333333333,0.042333333333333334,0.11716666666666667,0.1595,0.2373333333333333,0.0,275.3185185185209,1
Montréal Canadiens,8484984,1,Ivan Demidov,Montréal Canadiens,Carolina Hurricanes,2026-05-25,0.78,0.0735,0.11399999999999999,0.1875,0.225,0.0,275.3185185185209,1
Montréal Canadiens,8482087,1,Kaiden Guhle,Montréal Canadiens,Carolina Hurricanes,2026-05-25,0.4468333333333333,0.0275,0.08266666666666667,0.11016666666666666,0.5278333333333333,0.0,281.60740740740516,1
Montréal Canadiens,8483686,1,Adam Engstrom,Montréal Canadiens,Carolina Hurricanes,2026-05-25,0.5463333333333333,0.033666666666666664,0.09383333333333332,0.1275,0.27016666666666667,0.0,281.60740740740516,1
Carolina Hurricanes,8485563,1,Charlie Cerrato,Montréal Canadiens,Carolina Hurricanes,2026-05-25,0.5816666666666667,0.104,0.05633333333333333,0.16033333333333333,0.31066666666666665,0.0,208.7703703703701,1
Carolina Hurricanes,8480829,1,Jesperi Kotkaniemi,Montréal Canadiens,Carolina Hurricanes,2026-05-25,0.49033333333333334,0.0305,0.08883333333333333,0.11933333333333333,0.12516666666666668,0.0,208.7703703703701,1
Carolina Hurricanes,8476873,1,Mark Jankowski,Montréal Canadiens,Carolina Hurricanes,2026-05-25,0.5275,0.041666666666666664,0.08766666666666667,0.12933333333333333,0.2683333333333333,0.0,208.7703703703701,1
Montréal Canadiens,8476479,1,Phillip Danault,Montréal Canadiens,Carolina Hurricanes,2026-05-25,0.5591666666666667,0.06816666666666667,0.07683333333333334,0.14500000000000002,0.3055,0.0,242.28888888889543,1
Montréal Canadiens,8476981,1,Josh Anderson,Montréal Canadiens,Carolina Hurricanes,2026-05-25,0.6613333333333333,0.051166666666666666,0.09016666666666666,0.1413333333333333,0.10216666666666667,0.0,242.28888888889543,1
Montréal Canadiens,8483424,1,Owen Beck,Montréal Canadiens,Carolina Hurricanes,2026-05-25,0.5723333333333334,0.04583333333333333,0.091,0.13683333333333333,0.13016666666666665,0.0,242.28888888889543,1
Carolina Hurricanes,8482809,1,Jackson Blake,Montréal Canadiens,Carolina Hurricanes,2026-05-25,0.8025,0.09233333333333334,0.10033333333333333,0.19266666666666665,0.13766666666666666,0.0,288.748148148145,1
Carolina Hurricanes,8473533,1,Jordan Staal,Montréal Canadiens,Carolina Hurricanes,2026-05-25,0.727,0.08016666666666666,0.10916666666666666,0.18933333333333333,0.25,0.0,288.748148148145,1
Carolina Hurricanes,8480830,1,Andrei Svechnikov,Montréal Canadiens,Carolina Hurricanes,2026-05-25,0.938,0.07866666666666666,0.11483333333333333,0.1935,0.25466666666666665,0.0,288.748148148145,1
Carolina Hurricanes,8480336,1,Sean Walker,Montréal Canadiens,Carolina Hurricanes,2026-05-25,0.5725,0.034499999999999996,0.12233333333333334,0.15683333333333332,0.41483333333333333,0.0,314.47407407405024,1
Carolina Hurricanes,8482702,1,Logan Stankoven,Montréal Canadiens,Carolina Hurricanes,2026-05-25,0.8206666666666667,0.1355,0.08016666666666666,0.21566666666666667,0.15933333333333333,0.0,243.31851851852562,1
Carolina Hurricanes,8476921,1,Jordan Martinook,Montréal Canadiens,Carolina Hurricanes,2026-05-25,0.6256666666666666,0.025666666666666667,0.11483333333333333,0.14049999999999999,0.31266666666666665,0.0,243.31851851852562,1
Carolina Hurricanes,8475791,1,Taylor Hall,Montréal Canadiens,Carolina Hurricanes,2026-05-25,0.6935,0.09933333333333333,0.09283333333333334,0.19216666666666665,0.1785,0.0,243.31851851852562,1
Carolina Hurricanes,8482100,1,Alexander Nikishin,Montréal Canadiens,Carolina Hurricanes,2026-05-25,0.5105,0.029833333333333333,0.08966666666666666,0.1195,0.243,0.0,252.3851851851929,1
Montréal Canadiens,8479339,1,Patrik Laine,Montréal Canadiens,Carolina Hurricanes,2026-05-25,0.6608333333333333,0.06616666666666667,0.07533333333333334,0.14150000000000001,0.22883333333333333,0.0,226.99259259259773,1
Montréal Canadiens,8484403,1,Florian Xhekaj,Montréal Canadiens,Carolina Hurricanes,2026-05-25,0.4325,0.027666666666666666,0.07733333333333334,0.10500000000000001,0.15783333333333333,0.0,226.99259259259773,1
Montréal Canadiens,8480074,1,Alexandre Texier,Montréal Canadiens,Carolina Hurricanes,2026-05-25,0.5788333333333333,0.08083333333333333,0.0675,0.14833333333333332,0.10383333333333333,0.0,226.99259259259773,1
Montréal Canadiens,8480018,2,Nick Suzuki,Montréal Canadiens,Carolina Hurricanes,2026-05-25,1.1608333333333334,0.14533333333333334,0.15983333333333333,0.3051666666666667,0.47883333333333333,0.0,456.7925925926192,1
Montréal Canadiens,8483515,2,Juraj Slafkovský,Montréal Canadiens,Carolina Hurricanes,2026-05-25,1.2289999999999999,0.12466666666666666,0.18133333333333332,0.306,0.4716666666666667,0.0,456.7925925926192,1
Montréal Canadiens,8481540,2,Cole Caufield,Montréal Canadiens,Carolina Hurricanes,2026-05-25,1.2526666666666666,0.17166666666666666,0.15883333333333333,0.3305,0.12133333333333333,0.0,456.7925925926192,1
Montréal Canadiens,8483457,2,Lane Hutson,Montréal Canadiens,Carolina Hurricanes,2026-05-25,0.839,0.03233333333333333,0.17066666666666666,0.20299999999999999,0.6853333333333333,0.0,551.133333333361,1
Montréal Canadiens,8476875,2,Mike Matheson,Montréal Canadiens,Carolina Hurricanes,2026-05-25,0.9129999999999999,0.0375,0.1875,0.225,1.0394999999999999,0.0,551.133333333361,1
Carolina Hurricanes,8478427,2,Sebastian Aho,Montréal Canadiens,Carolina Hurricanes,2026-05-25,1.3339999999999999,0.19833333333333333,0.16033333333333333,0.3586666666666667,0.33866666666666667,0.0,459.82962962965684,1
Carolina Hurricanes,8482093,2,Seth Jarvis,Montréal Canadiens,Carolina Hurricanes,2026-05-25,1.3478333333333332,0.10716666666666666,0.21783333333333332,0.32499999999999996,0.41733333333333333,0.0,459.82962962965684,1
Carolina Hurricanes,8477940,2,Nikolaj Ehlers,Montréal Canadiens,Carolina Hurricanes,2026-05-25,1.3783333333333332,0.17283333333333334,0.179,0.35183333333333333,0.31083333333333335,0.0,459.82962962965684,1
Carolina Hurricanes,8476958,2,Jaccob Slavin,Montréal Canadiens,Carolina Hurricanes,2026-05-25,1.2336666666666667,0.05416666666666666,0.22649999999999998,0.2806666666666666,0.872,0.0,536.8592592592925,1
Carolina Hurricanes,8480817,2,K'Andre Miller,Montréal Canadiens,Carolina Hurricanes,2026-05-25,0.967,0.049666666666666665,0.18783333333333332,0.2375,0.39799999999999996,0.0,480.70370370373524,1
Montréal Canadiens,8482487,2,Jakub Dobes,Montréal Canadiens,Carolina Hurricanes,2026-05-25,0.0,0.0,0.0,0.0,0.0,11.897450000000045,1199.9999999999998,1
Carolina Hurricanes,8475883,2,Frederik Andersen,Montréal Canadiens,Carolina Hurricanes,2026-05-25,0.0,0.0,0.0,0.0,0.0,10.441683333333334,1199.9999999999998,1
Montréal Canadiens,8481618,2,Alex Newhook,Montréal Canadiens,Carolina Hurricanes,2026-05-25,0.7606666666666666,0.13949999999999999,0.08566666666666667,0.22516666666666665,0.22599999999999998,0.0,274.8518518518532,1
Montréal Canadiens,8478133,2,Jake Evans,Montréal Canadiens,Carolina Hurricanes,2026-05-25,0.6636666666666666,0.052,0.1085,0.1605,0.2365,0.0,274.8518518518532,1
Montréal Canadiens,8484984,2,Ivan Demidov,Montréal Canadiens,Carolina Hurricanes,2026-05-25,0.8059999999999999,0.07666666666666666,0.11116666666666666,0.18783333333333332,0.22799999999999998,0.0,274.8518518518532,1
Carolina Hurricanes,8485563,2,Charlie Cerrato,Montréal Canadiens,Carolina Hurricanes,2026-05-25,0.6211666666666666,0.10716666666666666,0.06016666666666667,0.16733333333333333,0.31966666666666665,0.0,208.94074074074027,1
Carolina Hurricanes,8480829,2,Jesperi Kotkaniemi,Montréal Canadiens,Carolina Hurricanes,2026-05-25,0.49666666666666665,0.02733333333333333,0.08833333333333333,0.11566666666666667,0.12933333333333333,0.0,208.94074074074027,1
Carolina Hurricanes,8476873,2,Mark Jankowski,Montréal Canadiens,Carolina Hurricanes,2026-05-25,0.5811666666666666,0.04133333333333333,0.09083333333333334,0.13216666666666665,0.2851666666666667,0.0,208.94074074074027,1
Carolina Hurricanes,8476906,2,Shayne Gostisbehere,Montréal Canadiens,Carolina Hurricanes,2026-05-25,0.75,0.0405,0.13033333333333333,0.17083333333333334,0.15366666666666667,0.0,295.1777777777702,1
Carolina Hurricanes,8482809,2,Jackson Blake,Montréal Canadiens,Carolina Hurricanes,2026-05-25,0.834,0.10083333333333333,0.11083333333333333,0.21166666666666667,0.16066666666666665,0.0,288.0592592592573,1
Carolina Hurricanes,8473533,2,Jordan Staal,Montréal Canadiens,Carolina Hurricanes,2026-05-25,0.7585,0.08633333333333333,0.1085,0.19483333333333333,0.268,0.0,288.0592592592573,1
Carolina Hurricanes,8480830,2,Andrei Svechnikov,Montréal Canadiens,Carolina Hurricanes,2026-05-25,0.9988333333333334,0.08266666666666667,0.12483333333333332,0.2075,0.25966666666666666,0.0,288.0592592592573,1
Montréal Canadiens,8480865,2,Noah Dobson,Montréal Canadiens,Carolina Hurricanes,2026-05-25,0.6943333333333334,0.03666666666666667,0.124,0.16066666666666668,0.5896666666666667,0.0,366.37777777775835,1
Montréal Canadiens,8478851,2,Alexandre Carrier,Montréal Canadiens,Carolina Hurricanes,2026-05-25,0.5431666666666667,0.041999999999999996,0.09433333333333332,0.1363333333333333,0.525,0.0,366.37777777775835,1
Carolina Hurricanes,8478970,2,Jalen Chatfield,Montréal Canadiens,Carolina Hurricanes,2026-05-25,0.7656666666666666,0.04,0.14533333333333334,0.18533333333333335,0.388,0.0,367.96296296294383,1
Carolina Hurricanes,8480336,2,Sean Walker,Montréal Canadiens,Carolina Hurricanes,2026-05-25,0.6263333333333333,0.03733333333333333,0.112,0.14933333333333332,0.4353333333333333,0.0,314.9185185184932,1
Montréal Canadiens,8476479,2,Phillip Danault,Montréal Canadiens,Carolina Hurricanes,2026-05-25,0.5905,0.063,0.0825,0.14550000000000002,0.313,0.0,241.400000000006,1
Montréal Canadiens,8476981,2,Josh Anderson,Montréal Canadiens,Carolina Hurricanes,2026-05-25,0.7173333333333333,0.057999999999999996,0.08866666666666666,0.14666666666666667,0.105,0.0,241.400000000006,1
Montréal Canadiens,8483424,2,Owen Beck,Montréal Canadiens,Carolina Hurricanes,2026-05-25,0.6054999999999999,0.051666666666666666,0.08283333333333333,0.1345,0.13666666666666666,0.0,241.400000000006,1
Carolina Hurricanes,8482702,2,Logan Stankoven,Montréal Canadiens,Carolina Hurricanes,2026-05-25,0.8266666666666667,0.124,0.08783333333333333,0.21183333333333332,0.15433333333333332,0.0,243.17037037037755,1
Carolina Hurricanes,8476921,2,Jordan Martinook,Montréal Canadiens,Carolina Hurricanes,2026-05-25,0.6516666666666666,0.0305,0.11483333333333333,0.14533333333333331,0.34099999999999997,0.0,243.17037037037755,1
Carolina Hurricanes,8475791,2,Taylor Hall,Montréal Canadiens,Carolina Hurricanes,2026-05-25,0.7128333333333333,0.09716666666666667,0.09633333333333333,0.1935,0.20166666666666666,0.0,243.17037037037755,1
Montréal Canadiens,8482087,2,Kaiden Guhle,Montréal Canadiens,Carolina Hurricanes,2026-05-25,0.4735,0.031166666666666665,0.08933333333333333,0.1205,0.5601666666666667,0.0,282.4888888888869,1
Montréal Canadiens,8483686,2,Adam Engstrom,Montréal Canadiens,Carolina Hurricanes,2026-05-25,0.5781666666666666,0.03833333333333333,0.10033333333333333,0.13866666666666666,0.27666666666666667,0.0,282.4888888888869,1
Carolina Hurricanes,8482100,2,Alexander Nikishin,Montréal Canadiens,Carolina Hurricanes,2026-05-25,0.5458333333333333,0.035833333333333335,0.09016666666666666,0.126,0.2708333333333333,0.0,252.3851851851931,1
Montréal Canadiens,8479339,2,Patrik Laine,Montréal Canadiens,Carolina Hurricanes,2026-05-25,0.696,0.06616666666666667,0.08783333333333333,0.154,0.2373333333333333,0.0,226.9555555555603,1
Montréal Canadiens,8484403,2,Florian Xhekaj,Montréal Canadiens,Carolina Hurricanes,2026-05-25,0.4646666666666667,0.028499999999999998,0.08916666666666666,0.11766666666666666,0.16883333333333334,0.0,226.9555555555603,1
Montréal Canadiens,8480074,2,Alexandre Texier,Montréal Canadiens,Carolina Hurricanes,2026-05-25,0.5826666666666667,0.09116666666666666,0.06983333333333333,0.16099999999999998,0.11033333333333332,0.0,226.9555555555603,1
Montréal Canadiens,8476479,3,Phillip Danault,Montréal Canadiens,Carolina Hurricanes,2026-05-25,0.591,0.07016666666666667,0.0805,0.15066666666666667,0.3005,0.0,241.5111111111175,1
Montréal Canadiens,8476981,3,Josh Anderson,Montréal Canadiens,Carolina Hurricanes,2026-05-25,0.7205,0.057666666666666665,0.0935,0.15116666666666667,0.10016666666666667,0.0,241.5111111111175,1
Montréal Canadiens,8483424,3,Owen Beck,Montréal Canadiens,Carolina Hurricanes,2026-05-25,0.5798333333333333,0.043,0.09583333333333333,0.1388333333333333,0.12883333333333333,0.0,241.5111111111175,1
Montréal Canadiens,8480865,3,Noah Dobson,Montréal Canadiens,Carolina Hurricanes,2026-05-25,0.6596666666666666,0.04133333333333333,0.11716666666666667,0.1585,0.5751666666666666,0.0,365.79259259257316,1
Montréal Canadiens,8478851,3,Alexandre Carrier,Montréal Canadiens,Carolina Hurricanes,2026-05-25,0.5461666666666667,0.0395,0.09633333333333333,0.13583333333333333,0.5116666666666666,0.0,365.79259259257316,1
Carolina Hurricanes,8482702,3,Logan Stankoven,Montréal Canadiens,Carolina Hurricanes,2026-05-25,0.8158333333333333,0.13166666666666665,0.08216666666666667,0.21383333333333332,0.14766666666666667,0.0,242.97037037037754,1
Carolina Hurricanes,8476921,3,Jordan Martinook,Montréal Canadiens,Carolina Hurricanes,2026-05-25,0.613,0.024666666666666667,0.121,0.14566666666666667,0.3338333333333333,0.0,242.97037037037754,1
Carolina Hurricanes,8475791,3,Taylor Hall,Montréal Canadiens,Carolina Hurricanes,2026-05-25,0.6761666666666667,0.09666666666666666,0.09166666666666666,0.18833333333333332,0.19466666666666665,0.0,242.97037037037754,1
Carolina Hurricanes,8476958,3,Jaccob Slavin,Montréal Canadiens,Carolina Hurricanes,2026-05-25,1.2026666666666666,0.057833333333333334,0.23016666666666666,0.288,0.8971666666666667,0.0,536.3481481481809,1
Montréal Canadiens,8482487,3,Jakub Dobes,Montréal Canadiens,Carolina Hurricanes,2026-05-25,0.0,0.0,0.0,0.0,0.0,11.374841666666619,1199.9999999999998,1
Carolina Hurricanes,8475883,3,Frederik Andersen,Montréal Canadiens,Carolina Hurricanes,2026-05-25,0.0,0.0,0.0,0.0,0.0,10.343083333333356,1199.9999999999998,1
Montréal Canadiens,8480018,3,Nick Suzuki,Montréal Canadiens,Carolina Hurricanes,2026-05-25,1.1411666666666667,0.14833333333333332,0.161,0.30933333333333335,0.4756666666666666,0.0,455.99259259261726,1
Montréal Canadiens,8483515,3,Juraj Slafkovský,Montréal Canadiens,Carolina Hurricanes,2026-05-25,1.2169999999999999,0.119,0.18433333333333332,0.30333333333333334,0.45816666666666667,0.0,455.99259259261726,1
Montréal Canadiens,8481540,3,Cole Caufield,Montréal Canadiens,Carolina Hurricanes,2026-05-25,1.2349999999999999,0.16833333333333333,0.1555,0.3238333333333333,0.12483333333333332,0.0,455.99259259261726,1
Montréal Canadiens,8483457,3,Lane Hutson,Montréal Canadiens,Carolina Hurricanes,2026-05-25,0.8554999999999999,0.037,0.17683333333333331,0.21383333333333332,0.6453333333333333,0.0,551.3629629629934,1
Montréal Canadiens,8476875,3,Mike Matheson,Montréal Canadiens,Carolina Hurricanes,2026-05-25,0.9205,0.043,0.19166666666666665,0.23466666666666663,1.0061666666666667,0.0,551.3629629629934,1
Carolina Hurricanes,8478427,3,Sebastian Aho,Montréal Canadiens,Carolina Hurricanes,2026-05-25,1.327,0.212,0.16266666666666665,0.37466666666666665,0.3455,0.0,460.74074074076907,1
Carolina Hurricanes,8482093,3,Seth Jarvis,Montréal Canadiens,Carolina Hurricanes,2026-05-25,1.3128333333333333,0.10566666666666666,0.21716666666666665,0.3228333333333333,0.4318333333333333,0.0,460.74074074076907,1
Carolina Hurricanes,8477940,3,Nikolaj Ehlers,Montréal Canadiens,Carolina Hurricanes,2026-05-25,1.3176666666666665,0.16899999999999998,0.19133333333333333,0.3603333333333333,0.3173333333333333,0.0,460.74074074076907,1
Carolina Hurricanes,8480817,3,K'Andre Miller,Montréal Canadiens,Carolina Hurricanes,2026-05-25,0.9123333333333333,0.04433333333333333,0.18516666666666667,0.2295,0.4003333333333333,0.0,480.2814814815147,1
Montréal Canadiens,8481618,3,Alex Newhook,Montréal Canadiens,Carolina Hurricanes,2026-05-25,0.7736666666666666,0.14783333333333332,0.07883333333333332,0.22666666666666663,0.21033333333333332,0.0,275.3407407407437,1
Montréal Canadiens,8478133,3,Jake Evans,Montréal Canadiens,Carolina Hurricanes,2026-05-25,0.635,0.04883333333333333,0.122,0.17083333333333334,0.23433333333333334,0.0,275.3407407407437,1
Montréal Canadiens,8484984,3,Ivan Demidov,Montréal Canadiens,Carolina Hurricanes,2026-05-25,0.7966666666666666,0.07816666666666666,0.11766666666666667,0.19583333333333333,0.23166666666666666,0.0,275.3407407407437,1
Carolina Hurricanes,8482809,3,Jackson Blake,Montréal Canadiens,Carolina Hurricanes,2026-05-25,0.817,0.105,0.10883333333333332,0.21383333333333332,0.156,0.0,288.26666666666415,1
Carolina Hurricanes,8473533,3,Jordan Staal,Montréal Canadiens,Carolina Hurricanes,2026-05-25,0.7026666666666667,0.08416666666666667,0.11233333333333333,0.1965,0.2603333333333333,0.0,288.26666666666415,1
Carolina Hurricanes,8480830,3,Andrei Svechnikov,Montréal Canadiens,Carolina Hurricanes,2026-05-25,0.955,0.0775,0.12016666666666666,0.19766666666666666,0.27116666666666667,0.0,288.26666666666415,1
Carolina Hurricanes,8478970,3,Jalen Chatfield,Montréal Canadiens,Carolina Hurricanes,2026-05-25,0.7215,0.03983333333333333,0.13699999999999998,0.17683333333333331,0.39,0.0,367.37037037035157,1
Carolina Hurricanes,8480336,3,Sean Walker,Montréal Canadiens,Carolina Hurricanes,2026-05-25,0.5896666666666667,0.0335,0.119,0.1525,0.431,0.0,314.5481481481249,1
Montréal Canadiens,8482087,3,Kaiden Guhle,Montréal Canadiens,Carolina Hurricanes,2026-05-25,0.4955,0.034833333333333334,0.08883333333333333,0.12366666666666667,0.5258333333333333,0.0,282.84444444444324,1
Montréal Canadiens,8483686,3,Adam Engstrom,Montréal Canadiens,Carolina Hurricanes,2026-05-25,0.5763333333333334,0.03916666666666666,0.09866666666666667,0.13783333333333334,0.26666666666666666,0.0,282.84444444444324,1
Carolina Hurricanes,8476906,3,Shayne Gostisbehere,Montréal Canadiens,Carolina Hurricanes,2026-05-25,0.73,0.04616666666666667,0.123,0.16916666666666666,0.15466666666666667,0.0,296.2814814814736,1
Carolina Hurricanes,8482100,3,Alexander Nikishin,Montréal Canadiens,Carolina Hurricanes,2026-05-25,0.5183333333333333,0.029833333333333333,0.08549999999999999,0.11533333333333333,0.283,0.0,252.5481481481578,1
Carolina Hurricanes,8485563,3,Charlie Cerrato,Montréal Canadiens,Carolina Hurricanes,2026-05-25,0.5811666666666666,0.1115,0.057999999999999996,0.16949999999999998,0.29783333333333334,0.0,208.02222222222161,1
Carolina Hurricanes,8480829,3,Jesperi Kotkaniemi,Montréal Canadiens,Carolina Hurricanes,2026-05-25,0.48466666666666663,0.028333333333333332,0.08583333333333333,0.11416666666666667,0.1295,0.0,208.02222222222161,1
Carolina Hurricanes,8476873,3,Mark Jankowski,Montréal Canadiens,Carolina Hurricanes,2026-05-25,0.5418333333333333,0.0395,0.0915,0.131,0.27066666666666667,0.0,208.02222222222161,1
Montréal Canadiens,8479339,3,Patrik Laine,Montréal Canadiens,Carolina Hurricanes,2026-05-25,0.6843333333333333,0.07016666666666667,0.08233333333333333,0.1525,0.22883333333333333,0.0,227.15555555556082,1
Montréal Canadiens,8484403,3,Florian Xhekaj,Montréal Canadiens,Carolina Hurricanes,2026-05-25,0.4548333333333333,0.03083333333333333,0.09016666666666666,0.121,0.16649999999999998,0.0,227.15555555556082,1
Montréal Canadiens,8480074,3,Alexandre Texier,Montréal Canadiens,Carolina Hurricanes,2026-05-25,0.5883333333333333,0.08549999999999999,0.0725,0.15799999999999997,0.10383333333333333,0.0,227.15555555556082,1
Montréal Canadiens,8480018,4,Nick Suzuki,Montréal Canadiens,Carolina Hurricanes,2026-05-25,0.05633333333333333,0.006833333333333333,0.005833333333333333,0.012666666666666666,0.024999999999999998,0.0,16.4,1
Montréal Canadiens,8483515,4,Juraj Slafkovský,Montréal Canadiens,Carolina Hurricanes,2026-05-25,0.05233333333333333,0.004333333333333333,0.008833333333333334,0.013166666666666667,0.028666666666666667,0.0,16.4,1
Montréal Canadiens,8483457,4,Lane Hutson,Montréal Canadiens,Carolina Hurricanes,2026-05-25,0.04466666666666667,0.003333333333333333,0.011166666666666667,0.014499999999999999,0.041999999999999996,0.0,20.70625,1
Carolina Hurricanes,8478427,4,Sebastian Aho,Montréal Canadiens,Carolina Hurricanes,2026-05-25,0.06816666666666667,0.010666666666666666,0.005666666666666666,0.01633333333333333,0.016666666666666666,0.0,16.275,1
Carolina Hurricanes,8482093,4,Seth Jarvis,Montréal Canadiens,Carolina Hurricanes,2026-05-25,0.06783333333333333,0.0035,0.012333333333333333,0.015833333333333335,0.024333333333333332,0.0,16.275,1
Carolina Hurricanes,8476958,4,Jaccob Slavin,Montréal Canadiens,Carolina Hurricanes,2026-05-25,0.07733333333333334,0.004,0.014166666666666666,0.018166666666666664,0.041666666666666664,0.0,20.4,1
Montréal Canadiens,8482487,4,Jakub Dobes,Montréal Canadiens,Carolina Hurricanes,2026-05-25,0.0,0.0,0.0,0.0,0.0,0.5216166666666673,53.199999999999996,1
Carolina Hurricanes,8475883,4,Frederik Andersen,Montréal Canadiens,Carolina Hurricanes,2026-05-25,0.0,0.0,0.0,0.0,0.0,0.4540416666666664,53.199999999999996,1
Montréal Canadiens,8481618,4,Alex Newhook,Montréal Canadiens,Carolina Hurricanes,2026-05-25,0.058833333333333335,0.01,0.0036666666666666666,0.013666666666666667,0.019166666666666665,0.0,14.88125,1
Montréal Canadiens,8478133,4,Jake Evans,Montréal Canadiens,Carolina Hurricanes,2026-05-25,0.05416666666666666,0.0035,0.007333333333333333,0.010833333333333334,0.026166666666666664,0.0,14.88125,1
Montréal Canadiens,8480865,4,Noah Dobson,Montréal Canadiens,Carolina Hurricanes,2026-05-25,0.0445,0.0025,0.010333333333333333,0.012833333333333334,0.03966666666666666,0.0,17.675,1
Carolina Hurricanes,8482809,4,Jackson Blake,Montréal Canadiens,Carolina Hurricanes,2026-05-25,0.065,0.005333333333333333,0.0065,0.011833333333333333,0.0155,0.0,14.79375,1
Carolina Hurricanes,8473533,4,Jordan Staal,Montréal Canadiens,Carolina Hurricanes,2026-05-25,0.06133333333333333,0.006166666666666667,0.006,0.012166666666666666,0.024333333333333332,0.0,14.79375,1
Carolina Hurricanes,8478970,4,Jalen Chatfield,Montréal Canadiens,Carolina Hurricanes,2026-05-25,0.062,0.0031666666666666666,0.0135,0.016666666666666666,0.028,0.0,17.85625,1
Montréal Canadiens,8476479,4,Phillip Danault,Montréal Canadiens,Carolina Hurricanes,2026-05-25,0.04833333333333333,0.0055,0.004166666666666667,0.009666666666666667,0.028499999999999998,0.0,12.1375,1
Montréal Canadiens,8476981,4,Josh Anderson,Montréal Canadiens,Carolina Hurricanes,2026-05-25,0.04483333333333333,0.003333333333333333,0.005833333333333333,0.009166666666666667,0.008333333333333333,0.0,12.1375,1
Montréal Canadiens,8482087,4,Kaiden Guhle,Montréal Canadiens,Carolina Hurricanes,2026-05-25,0.034666666666666665,0.0015,0.007833333333333333,0.009333333333333332,0.03266666666666666,0.0,14.81875,1
Carolina Hurricanes,8482702,4,Logan Stankoven,Montréal Canadiens,Carolina Hurricanes,2026-05-25,0.056999999999999995,0.01,0.004666666666666666,0.014666666666666666,0.0155,0.0,12.2125,1
Carolina Hurricanes,8476921,4,Jordan Martinook,Montréal Canadiens,Carolina Hurricanes,2026-05-25,0.048666666666666664,0.0021666666666666666,0.010166666666666666,0.012333333333333332,0.023666666666666666,0.0,12.2125,1
Carolina Hurricanes,8476906,4,Shayne Gostisbehere,Montréal Canadiens,Carolina Hurricanes,2026-05-25,0.057166666666666664,0.003833333333333333,0.010833333333333334,0.014666666666666666,0.014833333333333332,0.0,14.94375,1
Montréal Canadiens,8479339,4,Patrik Laine,Montréal Canadiens,Carolina Hurricanes,2026-05-25,0.0385,0.0026666666666666666,0.0035,0.006166666666666667,0.018166666666666668,0.0,9.78125,1
Montréal Canadiens,8484403,4,Florian Xhekaj,Montréal Canadiens,Carolina Hurricanes,2026-05-25,0.033999999999999996,0.0015,0.0036666666666666666,0.005166666666666667,0.012333333333333333,0.0,9.78125,1
Carolina Hurricanes,8485563,4,Charlie Cerrato,Montréal Canadiens,Carolina Hurricanes,2026-05-25,0.042166666666666665,0.006333333333333333,0.0026666666666666666,0.009,0.022333333333333334,0.0,9.91875,1
Carolina Hurricanes,8480829,4,Jesperi Kotkaniemi,Montréal Canadiens,Carolina Hurricanes,2026-05-25,0.0375,0.0015,0.006333333333333333,0.007833333333333333,0.0075,0.0,9.91875,1
Montréal Canadiens,8483424,4,Owen Beck,Montréal Canadiens,Carolina Hurricanes,2026-05-25,0.010666666666666666,0.0,0.002833333333333333,0.002833333333333333,0.0008333333333333333,0.0,2.56875,1
Montréal Canadiens,8483686,4,Adam Engstrom,Montréal Canadiens,Carolina Hurricanes,2026-05-25,0.0095,0.0006666666666666666,0.0008333333333333333,0.0015,0.001,0.0,3.2624999999999997,1
Carolina Hurricanes,8480830,4,Andrei Svechnikov,Montréal Canadiens,Carolina Hurricanes,2026-05-25,0.008499999999999999,0.00016666666666666666,0.0008333333333333333,0.001,0.007,0.0,3.21875,1
Montréal Canadiens,8480074,4,Alexandre Texier,Montréal Canadiens,Carolina Hurricanes,2026-05-25,0.008833333333333334,0.0016666666666666666,0.0011666666666666665,0.002833333333333333,0.00016666666666666666,0.0,2.4125,1
Montréal Canadiens,8476875,4,Mike Matheson,Montréal Canadiens,Carolina Hurricanes,2026-05-25,0.010666666666666666,0.0008333333333333333,0.002333333333333333,0.0031666666666666666,0.004,0.0,4.5874999999999995,1
Carolina Hurricanes,8477940,4,Nikolaj Ehlers,Montréal Canadiens,Carolina Hurricanes,2026-05-25,0.007833333333333333,0.00016666666666666666,0.0005,0.0006666666666666666,0.005333333333333333,0.0,3.525,1
Montréal Canadiens,8481540,4,Cole Caufield,Montréal Canadiens,Carolina Hurricanes,2026-05-25,0.014499999999999999,0.0021666666666666666,0.0026666666666666666,0.004833333333333334,0.00016666666666666666,0.0,3.65,1
Montréal Canadiens,8478851,4,Alexandre Carrier,Montréal Canadiens,Carolina Hurricanes,2026-05-25,0.009333333333333332,0.0006666666666666666,0.002833333333333333,0.0034999999999999996,0.002333333333333333,0.0,4.0874999999999995,1
Carolina Hurricanes,8475791,4,Taylor Hall,Montréal Canadiens,Carolina Hurricanes,2026-05-25,0.005833333333333333,0.0008333333333333333,0.0005,0.0013333333333333333,0.0035,0.0,2.64375,1
Carolina Hurricanes,8476873,4,Mark Jankowski,Montréal Canadiens,Carolina Hurricanes,2026-05-25,0.005666666666666666,0.0005,0.0008333333333333333,0.0013333333333333333,0.005666666666666666,0.0,2.55,1
Montréal Canadiens,8484984,4,Ivan Demidov,Montréal Canadiens,Carolina Hurricanes,2026-05-25,0.012499999999999999,0.002,0.0015,0.0035,0.001,0.0,3.30625,1
Montréal Canadiens,8480018,0,Nick Suzuki,Montréal Canadiens,Carolina Hurricanes,2026-05-25,3.4591666666666665,0.443,0.49516666666666664,0.9381666666666666,1.4468333333333332,0.0,1384.585185185261,1
Montréal Canadiens,8483515,0,Juraj Slafkovský,Montréal Canadiens,Carolina Hurricanes,2026-05-25,3.697,0.3783333333333333,0.5496666666666666,0.9279999999999999,1.4015,0.0,1384.585185185261,1
Montréal Canadiens,8481540,0,Cole Caufield,Montréal Canadiens,Carolina Hurricanes,2026-05-25,3.695,0.5046666666666666,0.475,0.9796666666666666,0.3615,0.0,1371.835185185261,1
Montréal Canadiens,8483457,0,Lane Hutson,Montréal Canadiens,Carolina Hurricanes,2026-05-25,2.523833333333333,0.11483333333333333,0.5335,0.6483333333333333,1.9983333333333333,0.0,1674.3877314815697,1
Montréal Canadiens,8476875,0,Mike Matheson,Montréal Canadiens,Carolina Hurricanes,2026-05-25,2.7096666666666667,0.11699999999999999,0.5635,0.6805,3.049,0.0,1658.2689814815699,1
Carolina Hurricanes,8478427,0,Sebastian Aho,Montréal Canadiens,Carolina Hurricanes,2026-05-25,4.027833333333334,0.619,0.49266666666666664,1.1116666666666666,1.022,0.0,1396.008333333414,1
Carolina Hurricanes,8482093,0,Seth Jarvis,Montréal Canadiens,Carolina Hurricanes,2026-05-25,4.0405,0.3198333333333333,0.661,0.9808333333333333,1.281,0.0,1396.008333333414,1
Carolina Hurricanes,8477940,0,Nikolaj Ehlers,Montréal Canadiens,Carolina Hurricanes,2026-05-25,4.0005,0.5073333333333333,0.5511666666666667,1.0585,0.9401666666666666,0.0,1383.258333333414,1
Carolina Hurricanes,8476958,0,Jaccob Slavin,Montréal Canadiens,Carolina Hurricanes,2026-05-25,3.6805,0.17283333333333334,0.6946666666666667,0.8674999999999999,2.6796666666666664,0.0,1629.229629629729,1
Carolina Hurricanes,8480817,0,K'Andre Miller,Montréal Canadiens,Carolina Hurricanes,2026-05-25,2.7773333333333334,0.142,0.5483333333333333,0.6903333333333334,1.167,0.0,1439.9481481482442,1
Montréal Canadiens,8482487,0,Jakub Dobes,Montréal Canadiens,Carolina Hurricanes,2026-05-25,0.0,0.0,0.0,0.0,0.0,35.13177500000018,3653.1999999999994,1
Carolina Hurricanes,8475883,0,Frederik Andersen,Montréal Canadiens,Carolina Hurricanes,2026-05-25,0.0,0.0,0.0,0.0,0.0,31.150941666666654,3653.1999999999994,1
Montréal Canadiens,8480865,0,Noah Dobson,Montréal Canadiens,Carolina Hurricanes,2026-05-25,2.0426666666666664,0.11933333333333333,0.36816666666666664,0.4875,1.7883333333333333,0.0,1117.0527777777797,1
Montréal Canadiens,8478851,0,Alexandre Carrier,Montréal Canadiens,Carolina Hurricanes,2026-05-25,1.6119999999999999,0.12516666666666668,0.2915,0.41666666666666663,1.5371666666666666,0.0,1103.4652777777783,1
Carolina Hurricanes,8476906,0,Shayne Gostisbehere,Montréal Canadiens,Carolina Hurricanes,2026-05-25,2.2725,0.1325,0.3863333333333333,0.5188333333333333,0.46199999999999997,0.0,902.7437500000085,1
Carolina Hurricanes,8478970,0,Jalen Chatfield,Montréal Canadiens,Carolina Hurricanes,2026-05-25,2.294833333333333,0.1215,0.427,0.5485,1.185,0.0,1121.2266203703728,1
Montréal Canadiens,8481618,0,Alex Newhook,Montréal Canadiens,Carolina Hurricanes,2026-05-25,2.3436666666666666,0.43366666666666664,0.24366666666666667,0.6773333333333333,0.6743333333333333,0.0,840.3923611111178,1
Montréal Canadiens,8478133,0,Jake Evans,Montréal Canadiens,Carolina Hurricanes,2026-05-25,1.9736666666666667,0.14666666666666667,0.355,0.5016666666666667,0.7343333333333333,0.0,840.3923611111178,1
Montréal Canadiens,8484984,0,Ivan Demidov,Montréal Canadiens,Carolina Hurricanes,2026-05-25,2.3951666666666664,0.23033333333333333,0.3443333333333333,0.5746666666666667,0.6856666666666666,0.0,828.8173611111179,1
Montréal Canadiens,8482087,0,Kaiden Guhle,Montréal Canadiens,Carolina Hurricanes,2026-05-25,1.4505,0.095,0.26866666666666666,0.3636666666666667,1.6464999999999999,0.0,861.7594907407494,1
Montréal Canadiens,8483686,0,Adam Engstrom,Montréal Canadiens,Carolina Hurricanes,2026-05-25,1.7103333333333333,0.11183333333333333,0.29366666666666663,0.40549999999999997,0.8145,0.0,850.2032407407506,1
Carolina Hurricanes,8485563,0,Charlie Cerrato,Montréal Canadiens,Carolina Hurricanes,2026-05-25,1.8261666666666667,0.329,0.17716666666666667,0.5061666666666667,0.9505,0.0,635.652083333332,1
Carolina Hurricanes,8480829,0,Jesperi Kotkaniemi,Montréal Canadiens,Carolina Hurricanes,2026-05-25,1.5091666666666665,0.08766666666666667,0.2693333333333333,0.357,0.3915,0.0,635.652083333332,1
Carolina Hurricanes,8476873,0,Mark Jankowski,Montréal Canadiens,Carolina Hurricanes,2026-05-25,1.6561666666666666,0.123,0.2708333333333333,0.3938333333333333,0.8298333333333333,0.0,628.2833333333319,1
Montréal Canadiens,8476479,0,Phillip Danault,Montréal Canadiens,Carolina Hurricanes,2026-05-25,1.789,0.2068333333333333,0.244,0.4508333333333333,0.9475,0.0,737.337500000019,1
Montréal Canadiens,8476981,0,Josh Anderson,Montréal Canadiens,Carolina Hurricanes,2026-05-25,2.144,0.17016666666666666,0.2781666666666667,0.44833333333333336,0.31566666666666665,0.0,737.337500000019,1
Montréal Canadiens,8483424,0,Owen Beck,Montréal Canadiens,Carolina Hurricanes,2026-05-25,1.7683333333333333,0.14049999999999999,0.27249999999999996,0.4129999999999999,0.39649999999999996,0.0,727.7687500000189,1
Carolina Hurricanes,8482809,0,Jackson Blake,Montréal Canadiens,Carolina Hurricanes,2026-05-25,2.5185,0.3035,0.3265,0.63,0.4698333333333333,0.0,879.8678240740854,1
Carolina Hurricanes,8473533,0,Jordan Staal,Montréal Canadiens,Carolina Hurricanes,2026-05-25,2.2495,0.2568333333333333,0.33599999999999997,0.5928333333333333,0.8026666666666666,0.0,879.8678240740854,1
Carolina Hurricanes,8480830,0,Andrei Svechnikov,Montréal Canadiens,Carolina Hurricanes,2026-05-25,2.900333333333333,0.239,0.36066666666666664,0.5996666666666666,0.7925,0.0,868.2928240740868,1
Carolina Hurricanes,8480336,0,Sean Walker,Montréal Canadiens,Carolina Hurricanes,2026-05-25,1.7885,0.10533333333333333,0.35333333333333333,0.45866666666666667,1.2811666666666666,0.0,943.9407407407557,1
Carolina Hurricanes,8482702,0,Logan Stankoven,Montréal Canadiens,Carolina Hurricanes,2026-05-25,2.5201666666666664,0.40116666666666667,0.2548333333333333,0.6559999999999999,0.47683333333333333,0.0,741.6717592592807,1
Carolina Hurricanes,8476921,0,Jordan Martinook,Montréal Canadiens,Carolina Hurricanes,2026-05-25,1.9389999999999998,0.08299999999999999,0.36083333333333334,0.4438333333333333,1.0111666666666665,0.0,741.6717592592807,1
Carolina Hurricanes,8475791,0,Taylor Hall,Montréal Canadiens,Carolina Hurricanes,2026-05-25,2.0883333333333334,0.294,0.2813333333333333,0.5753333333333333,0.5783333333333334,0.0,732.1030092592807,1
Carolina Hurricanes,8482100,0,Alexander Nikishin,Montréal Canadiens,Carolina Hurricanes,2026-05-25,1.5746666666666667,0.0955,0.2653333333333333,0.36083333333333334,0.7968333333333333,0.0,757.3185185185438,1
Montréal Canadiens,8479339,0,Patrik Laine,Montréal Canadiens,Carolina Hurricanes,2026-05-25,2.0796666666666668,0.20516666666666666,0.249,0.45416666666666666,0.7131666666666666,0.0,690.8849537037188,1
Montréal Canadiens,8484403,0,Florian Xhekaj,Montréal Canadiens,Carolina Hurricanes,2026-05-25,1.386,0.0885,0.2603333333333333,0.34883333333333333,0.5055,0.0,690.8849537037188,1
Montréal Canadiens,8480074,0,Alexandre Texier,Montréal Canadiens,Carolina Hurricanes,2026-05-25,1.7586666666666666,0.25916666666666666,0.211,0.4701666666666666,0.31816666666666665,0.0,683.5162037037188,1
Montréal Canadiens,8482737,0,Zachary Bolduc,Montréal Canadiens,Carolina Hurricanes,2026-05-25,0.0,0.0,0.0,0.0,0.0,0.0,0.0,0
Montréal Canadiens,8481523,0,Kirby Dach,Montréal Canadiens,Carolina Hurricanes,2026-05-25,0.0,0.0,0.0,0.0,0.0,0.0,0.0,0
Montréal Canadiens,8475848,0,Brendan Gallagher,Montréal Canadiens,Carolina Hurricanes,2026-05-25,0.0,0.0,0.0,0.0,0.0,0.0,0.0,0
Montréal Canadiens,8482775,0,Oliver Kapanen,Montréal Canadiens,Carolina Hurricanes,2026-05-25,0.0,0.0,0.0,0.0,0.0,0.0,0.0,0
Montréal Canadiens,8480813,0,Joe Veleno,Montréal Canadiens,Carolina Hurricanes,2026-05-25,0.0,0.0,0.0,0.0,0.0,0.0,0.0,0
Montréal Canadiens,8484220,0,David Reinbacher,Montréal Canadiens,Carolina Hurricanes,2026-05-25,0.0,0.0,0.0,0.0,0.0,0.0,0.0,0
Montréal Canadiens,8481593,0,Jayden Struble,Montréal Canadiens,Carolina Hurricanes,2026-05-25,0.0,0.0,0.0,0.0,0.0,0.0,0.0,0
Montréal Canadiens,8482964,0,Arber Xhekaj,Montréal Canadiens,Carolina Hurricanes,2026-05-25,0.0,0.0,0.0,0.0,0.0,0.0,0.0,0
Montréal Canadiens,8484170,0,Jacob Fowler,Montréal Canadiens,Carolina Hurricanes,2026-05-25,0.0,0.0,0.0,0.0,0.0,0.0,0.0,0
Montréal Canadiens,8478470,0,Samuel Montembeault,Montréal Canadiens,Carolina Hurricanes,2026-05-25,0.0,0.0,0.0,0.0,0.0,0.0,0.0,0
Carolina Hurricanes,8477478,0,William Carrier,Montréal Canadiens,Carolina Hurricanes,2026-05-25,0.0,0.0,0.0,0.0,0.0,0.0,0.0,0
Carolina Hurricanes,8475235,0,Nicolas Deslauriers,Montréal Canadiens,Carolina Hurricanes,2026-05-25,0.0,0.0,0.0,0.0,0.0,0.0,0.0,0
Carolina Hurricanes,8480762,0,Eric Robinson,Montréal Canadiens,Carolina Hurricanes,2026-05-25,0.0,0.0,0.0,0.0,0.0,0.0,0.0,0
Carolina Hurricanes,8484428,0,Charles Alexis Legault,Montréal Canadiens,Carolina Hurricanes,2026-05-25,0.0,0.0,0.0,0.0,0.0,0.0,0.0,0
Carolina Hurricanes,8476422,0,Mike Reilly,Montréal Canadiens,Carolina Hurricanes,2026-05-25,0.0,0.0,0.0,0.0,0.0,0.0,0.0,0
Carolina Hurricanes,8483548,0,Brandon Bussi,Montréal Canadiens,Carolina Hurricanes,2026-05-25,0.0,0.0,0.0,0.0,0.0,0.0,0.0,0
Carolina Hurricanes,8481611,0,Pyotr Kochetkov,Montréal Canadiens,Carolina Hurricanes,2026-05-25,0.0,0.0,0.0,0.0,0.0,0.0,0.0,0
