date,player_id,player_name,team,market,line,over_price,under_price,book,first_seen_at,last_seen_at,is_current,_merge_key
2026-05-25,8473533,Jordan Staal,CAR,SOG,1.5,-130,100,draftkings,2026-05-24T19:25:24.541642Z,2026-05-24T19:25:24.593741Z,True,id::8473533
2026-05-25,8473533,Jordan Staal,CAR,SOG,1.5,-126,-105,pinnacle,2026-05-24T19:25:24.541642Z,2026-05-24T19:25:24.593741Z,True,id::8473533
2026-05-25,8475791,Taylor Hall,CAR,ASSISTS,0.5,175,-230,draftkings,2026-05-24T19:25:24.541642Z,2026-05-24T19:25:24.593741Z,True,id::8475791
2026-05-25,8475791,Taylor Hall,CAR,ASSISTS,0.5,182,-251,pinnacle,2026-05-24T19:25:24.541642Z,2026-05-24T19:25:24.593741Z,True,id::8475791
2026-05-25,8475791,Taylor Hall,CAR,POINTS,0.5,-105,-125,draftkings,2026-05-24T19:25:24.541642Z,2026-05-24T19:25:24.593741Z,True,id::8475791
2026-05-25,8475791,Taylor Hall,CAR,POINTS,0.5,-102,-130,pinnacle,2026-05-24T19:25:24.541642Z,2026-05-24T19:25:24.593741Z,True,id::8475791
2026-05-25,8475791,Taylor Hall,CAR,SOG,2.5,145,-188,draftkings,2026-05-24T19:25:24.541642Z,2026-05-24T19:25:24.593741Z,True,id::8475791
2026-05-25,8475791,Taylor Hall,CAR,SOG,2.5,154,-205,fanduel,2026-05-24T19:25:24.541642Z,2026-05-24T19:25:24.593741Z,True,id::8475791
2026-05-25,8475791,Taylor Hall,CAR,SOG,2.5,148,-199,pinnacle,2026-05-24T19:25:24.541642Z,2026-05-24T19:25:24.593741Z,True,id::8475791
2026-05-25,8476875,Mike Matheson,MTL,ASSISTS,0.5,270,-375,draftkings,2026-05-24T19:25:24.541642Z,2026-05-24T19:25:24.593741Z,True,id::8476875
2026-05-25,8476875,Mike Matheson,MTL,ASSISTS,0.5,294,-443,pinnacle,2026-05-24T19:25:24.541642Z,2026-05-24T19:25:24.593741Z,True,id::8476875
2026-05-25,8476875,Mike Matheson,MTL,POINTS,0.5,220,-298,draftkings,2026-05-24T19:25:24.541642Z,2026-05-24T19:25:24.593741Z,True,id::8476875
2026-05-25,8476875,Mike Matheson,MTL,POINTS,0.5,233,-334,pinnacle,2026-05-24T19:25:24.541642Z,2026-05-24T19:25:24.593741Z,True,id::8476875
2026-05-25,8476875,Mike Matheson,MTL,SOG,0.5,-242,176,pinnacle,2026-05-24T19:25:24.541642Z,2026-05-24T19:25:24.593741Z,True,id::8476875
2026-05-25,8476906,Shayne Gostisbehere,CAR,ASSISTS,0.5,185,-245,draftkings,2026-05-24T19:25:24.541642Z,2026-05-24T19:25:24.593741Z,True,id::8476906
2026-05-25,8476906,Shayne Gostisbehere,CAR,ASSISTS,0.5,195,-271,pinnacle,2026-05-24T19:25:24.541642Z,2026-05-24T19:25:24.593741Z,True,id::8476906
2026-05-25,8476906,Shayne Gostisbehere,CAR,POINTS,0.5,140,-180,draftkings,2026-05-24T19:25:24.541642Z,2026-05-24T19:25:24.593741Z,True,id::8476906
2026-05-25,8476906,Shayne Gostisbehere,CAR,POINTS,0.5,145,-195,pinnacle,2026-05-24T19:25:24.541642Z,2026-05-24T19:25:24.593741Z,True,id::8476906
2026-05-25,8476906,Shayne Gostisbehere,CAR,SOG,1.5,-154,120,draftkings,2026-05-24T19:25:24.541642Z,2026-05-24T19:25:24.593741Z,True,id::8476906
2026-05-25,8476906,Shayne Gostisbehere,CAR,SOG,1.5,-128,-102,fanduel,2026-05-24T19:25:24.541642Z,2026-05-24T19:25:24.593741Z,True,id::8476906
2026-05-25,8476906,Shayne Gostisbehere,CAR,SOG,1.5,-151,113,pinnacle,2026-05-24T19:25:24.541642Z,2026-05-24T19:25:24.593741Z,True,id::8476906
2026-05-25,8477940,Nikolaj Ehlers,CAR,ASSISTS,0.5,175,-230,draftkings,2026-05-24T19:25:24.541642Z,2026-05-24T19:25:24.593741Z,True,id::8477940
2026-05-25,8477940,Nikolaj Ehlers,CAR,ASSISTS,0.5,182,-251,pinnacle,2026-05-24T19:25:24.541642Z,2026-05-24T19:25:24.593741Z,True,id::8477940
2026-05-25,8477940,Nikolaj Ehlers,CAR,GOALS,0.5,240,-350,fanduel,2026-05-24T19:25:24.541642Z,2026-05-24T19:25:24.593741Z,True,id::8477940
2026-05-25,8477940,Nikolaj Ehlers,CAR,POINTS,0.5,-120,-110,draftkings,2026-05-24T19:25:24.541642Z,2026-05-24T19:25:24.593741Z,True,id::8477940
2026-05-25,8477940,Nikolaj Ehlers,CAR,POINTS,0.5,-117,-113,pinnacle,2026-05-24T19:25:24.541642Z,2026-05-24T19:25:24.593741Z,True,id::8477940
2026-05-25,8477940,Nikolaj Ehlers,CAR,SOG,2.5,100,-130,draftkings,2026-05-24T19:25:24.541642Z,2026-05-24T19:25:24.593741Z,True,id::8477940
2026-05-25,8477940,Nikolaj Ehlers,CAR,SOG,2.5,108,-140,fanduel,2026-05-24T19:25:24.541642Z,2026-05-24T19:25:24.593741Z,True,id::8477940
2026-05-25,8477940,Nikolaj Ehlers,CAR,SOG,2.5,101,-134,pinnacle,2026-05-24T19:25:24.541642Z,2026-05-24T19:25:24.593741Z,True,id::8477940
2026-05-25,8478427,Sebastian Aho,CAR,ASSISTS,0.5,120,-154,draftkings,2026-05-24T19:25:24.541642Z,2026-05-24T19:25:24.593741Z,True,id::8478427
2026-05-25,8478427,Sebastian Aho,CAR,ASSISTS,0.5,123,-163,pinnacle,2026-05-24T19:25:24.541642Z,2026-05-24T19:25:24.593741Z,True,id::8478427
2026-05-25,8478427,Sebastian Aho,CAR,GOALS,0.5,240,-350,fanduel,2026-05-24T19:25:24.541642Z,2026-05-24T19:25:24.593741Z,True,id::8478427
2026-05-25,8478427,Sebastian Aho,CAR,POINTS,0.5,-160,124,draftkings,2026-05-24T19:25:24.541642Z,2026-05-24T19:25:24.593741Z,True,id::8478427
2026-05-25,8478427,Sebastian Aho,CAR,POINTS,0.5,-174,130,pinnacle,2026-05-24T19:25:24.541642Z,2026-05-24T19:25:24.593741Z,True,id::8478427
2026-05-25,8478427,Sebastian Aho,CAR,SOG,2.5,100,-130,draftkings,2026-05-24T19:25:24.541642Z,2026-05-24T19:25:24.593741Z,True,id::8478427
2026-05-25,8478427,Sebastian Aho,CAR,SOG,2.5,118,-154,fanduel,2026-05-24T19:25:24.541642Z,2026-05-24T19:25:24.593741Z,True,id::8478427
2026-05-25,8478427,Sebastian Aho,CAR,SOG,2.5,105,-140,pinnacle,2026-05-24T19:25:24.541642Z,2026-05-24T19:25:24.593741Z,True,id::8478427
2026-05-25,8480018,Nick Suzuki,MTL,ASSISTS,0.5,-145,114,draftkings,2026-05-24T19:25:24.541642Z,2026-05-24T19:25:24.593741Z,True,id::8480018
2026-05-25,8480018,Nick Suzuki,MTL,ASSISTS,0.5,-150,113,pinnacle,2026-05-24T19:25:24.541642Z,2026-05-24T19:25:24.593741Z,True,id::8480018
2026-05-25,8480018,Nick Suzuki,MTL,GOALS,0.5,240,-350,fanduel,2026-05-24T19:25:24.541642Z,2026-05-24T19:25:24.593741Z,True,id::8480018
2026-05-25,8480018,Nick Suzuki,MTL,POINTS,1.5,180,-238,draftkings,2026-05-24T19:25:24.541642Z,2026-05-24T19:25:24.593741Z,True,id::8480018
2026-05-25,8480018,Nick Suzuki,MTL,POINTS,1.5,187,-259,pinnacle,2026-05-24T19:25:24.541642Z,2026-05-24T19:25:24.593741Z,True,id::8480018
2026-05-25,8480018,Nick Suzuki,MTL,SOG,1.5,-192,146,fanduel,2026-05-24T19:25:24.541642Z,2026-05-24T19:25:24.593741Z,True,id::8480018
2026-05-25,8480018,Nick Suzuki,MTL,SOG,2.5,145,-188,draftkings,2026-05-24T19:25:24.541642Z,2026-05-24T19:25:24.593741Z,True,id::8480018
2026-05-25,8480018,Nick Suzuki,MTL,SOG,2.5,148,-199,pinnacle,2026-05-24T19:25:24.541642Z,2026-05-24T19:25:24.593741Z,True,id::8480018
2026-05-25,8480336,Sean Walker,CAR,SOG,1.5,-130,100,draftkings,2026-05-24T19:25:24.541642Z,2026-05-24T19:25:24.593741Z,True,id::8480336
2026-05-25,8480336,Sean Walker,CAR,SOG,1.5,-120,-108,fanduel,2026-05-24T19:25:24.541642Z,2026-05-24T19:25:24.593741Z,True,id::8480336
2026-05-25,8480336,Sean Walker,CAR,SOG,1.5,-127,-105,pinnacle,2026-05-24T19:25:24.541642Z,2026-05-24T19:25:24.593741Z,True,id::8480336
2026-05-25,8480830,Andrei Svechnikov,CAR,ASSISTS,0.5,145,-188,draftkings,2026-05-24T19:25:24.541642Z,2026-05-24T19:25:24.593741Z,True,id::8480830
2026-05-25,8480830,Andrei Svechnikov,CAR,ASSISTS,0.5,153,-207,pinnacle,2026-05-24T19:25:24.541642Z,2026-05-24T19:25:24.593741Z,True,id::8480830
2026-05-25,8480830,Andrei Svechnikov,CAR,GOALS,0.5,210,-300,fanduel,2026-05-24T19:25:24.541642Z,2026-05-24T19:25:24.593741Z,True,id::8480830
2026-05-25,8480830,Andrei Svechnikov,CAR,POINTS,0.5,-145,114,draftkings,2026-05-24T19:25:24.541642Z,2026-05-24T19:25:24.593741Z,True,id::8480830
2026-05-25,8480830,Andrei Svechnikov,CAR,POINTS,0.5,-153,115,pinnacle,2026-05-24T19:25:24.541642Z,2026-05-24T19:25:24.593741Z,True,id::8480830
2026-05-25,8480830,Andrei Svechnikov,CAR,SOG,2.5,-145,114,draftkings,2026-05-24T19:25:24.541642Z,2026-05-24T19:25:24.593741Z,True,id::8480830
2026-05-25,8480830,Andrei Svechnikov,CAR,SOG,2.5,-138,106,fanduel,2026-05-24T19:25:24.541642Z,2026-05-24T19:25:24.593741Z,True,id::8480830
2026-05-25,8480830,Andrei Svechnikov,CAR,SOG,2.5,-152,114,pinnacle,2026-05-24T19:25:24.541642Z,2026-05-24T19:25:24.593741Z,True,id::8480830
2026-05-25,8480865,Noah Dobson,MTL,ASSISTS,0.5,220,-298,draftkings,2026-05-24T19:25:24.541642Z,2026-05-24T19:25:24.593741Z,True,id::8480865
2026-05-25,8480865,Noah Dobson,MTL,ASSISTS,0.5,240,-345,pinnacle,2026-05-24T19:25:24.541642Z,2026-05-24T19:25:24.593741Z,True,id::8480865
2026-05-25,8480865,Noah Dobson,MTL,POINTS,0.5,170,-220,draftkings,2026-05-24T19:25:24.541642Z,2026-05-24T19:25:24.593741Z,True,id::8480865
2026-05-25,8480865,Noah Dobson,MTL,POINTS,0.5,180,-248,pinnacle,2026-05-24T19:25:24.541642Z,2026-05-24T19:25:24.593741Z,True,id::8480865
2026-05-25,8480865,Noah Dobson,MTL,SOG,1.5,-101,-132,pinnacle,2026-05-24T19:25:24.541642Z,2026-05-24T19:25:24.593741Z,True,id::8480865
2026-05-25,8481540,Cole Caufield,MTL,ASSISTS,0.5,145,-188,draftkings,2026-05-24T19:25:24.541642Z,2026-05-24T19:25:24.593741Z,True,id::8481540
2026-05-25,8481540,Cole Caufield,MTL,ASSISTS,0.5,153,-207,pinnacle,2026-05-24T19:25:24.541642Z,2026-05-24T19:25:24.593741Z,True,id::8481540
2026-05-25,8481540,Cole Caufield,MTL,GOALS,0.5,160,-220,fanduel,2026-05-24T19:25:24.541642Z,2026-05-24T19:25:24.593741Z,True,id::8481540
2026-05-25,8481540,Cole Caufield,MTL,POINTS,0.5,-166,130,draftkings,2026-05-24T19:25:24.541642Z,2026-05-24T19:25:24.593741Z,True,id::8481540
2026-05-25,8481540,Cole Caufield,MTL,POINTS,0.5,-178,133,pinnacle,2026-05-24T19:25:24.541642Z,2026-05-24T19:25:24.593741Z,True,id::8481540
2026-05-25,8481540,Cole Caufield,MTL,SOG,2.5,-110,-120,draftkings,2026-05-24T19:25:24.541642Z,2026-05-24T19:25:24.593741Z,True,id::8481540
2026-05-25,8481540,Cole Caufield,MTL,SOG,2.5,108,-140,fanduel,2026-05-24T19:25:24.541642Z,2026-05-24T19:25:24.593741Z,True,id::8481540
2026-05-25,8481540,Cole Caufield,MTL,SOG,2.5,-103,-129,pinnacle,2026-05-24T19:25:24.541642Z,2026-05-24T19:25:24.593741Z,True,id::8481540
2026-05-25,8481618,Alex Newhook,MTL,ASSISTS,0.5,260,-360,draftkings,2026-05-24T19:25:24.541642Z,2026-05-24T19:25:24.593741Z,True,id::8481618
2026-05-25,8481618,Alex Newhook,MTL,ASSISTS,0.5,281,-419,pinnacle,2026-05-24T19:25:24.541642Z,2026-05-24T19:25:24.593741Z,True,id::8481618
2026-05-25,8481618,Alex Newhook,MTL,POINTS,0.5,124,-160,draftkings,2026-05-24T19:25:24.541642Z,2026-05-24T19:25:24.593741Z,True,id::8481618
2026-05-25,8481618,Alex Newhook,MTL,POINTS,0.5,130,-174,pinnacle,2026-05-24T19:25:24.541642Z,2026-05-24T19:25:24.593741Z,True,id::8481618
2026-05-25,8481618,Alex Newhook,MTL,SOG,1.5,-130,100,draftkings,2026-05-24T19:25:24.541642Z,2026-05-24T19:25:24.593741Z,True,id::8481618
2026-05-25,8481618,Alex Newhook,MTL,SOG,1.5,-108,-120,fanduel,2026-05-24T19:25:24.541642Z,2026-05-24T19:25:24.593741Z,True,id::8481618
2026-05-25,8481618,Alex Newhook,MTL,SOG,1.5,-126,-105,pinnacle,2026-05-24T19:25:24.541642Z,2026-05-24T19:25:24.593741Z,True,id::8481618
2026-05-25,8482093,Seth Jarvis,CAR,ASSISTS,0.5,135,-175,draftkings,2026-05-24T19:25:24.541642Z,2026-05-24T19:25:24.593741Z,True,id::8482093
2026-05-25,8482093,Seth Jarvis,CAR,ASSISTS,0.5,137,-184,pinnacle,2026-05-24T19:25:24.541642Z,2026-05-24T19:25:24.593741Z,True,id::8482093
2026-05-25,8482093,Seth Jarvis,CAR,GOALS,0.5,220,-310,fanduel,2026-05-24T19:25:24.541642Z,2026-05-24T19:25:24.593741Z,True,id::8482093
2026-05-25,8482093,Seth Jarvis,CAR,POINTS,0.5,-154,120,draftkings,2026-05-24T19:25:24.541642Z,2026-05-24T19:25:24.593741Z,True,id::8482093
2026-05-25,8482093,Seth Jarvis,CAR,POINTS,0.5,-165,124,pinnacle,2026-05-24T19:25:24.541642Z,2026-05-24T19:25:24.593741Z,True,id::8482093
2026-05-25,8482093,Seth Jarvis,CAR,SOG,2.5,-170,130,fanduel,2026-05-24T19:25:24.541642Z,2026-05-24T19:25:24.593741Z,True,id::8482093
2026-05-25,8482093,Seth Jarvis,CAR,SOG,3.5,135,-175,draftkings,2026-05-24T19:25:24.541642Z,2026-05-24T19:25:24.593741Z,True,id::8482093
2026-05-25,8482093,Seth Jarvis,CAR,SOG,3.5,136,-183,pinnacle,2026-05-24T19:25:24.541642Z,2026-05-24T19:25:24.593741Z,True,id::8482093
2026-05-25,8482702,Logan Stankoven,CAR,ASSISTS,0.5,230,-315,draftkings,2026-05-24T19:25:24.541642Z,2026-05-24T19:25:24.593741Z,True,id::8482702
2026-05-25,8482702,Logan Stankoven,CAR,ASSISTS,0.5,259,-379,pinnacle,2026-05-24T19:25:24.541642Z,2026-05-24T19:25:24.593741Z,True,id::8482702
2026-05-25,8482702,Logan Stankoven,CAR,GOALS,0.5,260,-400,fanduel,2026-05-24T19:25:24.541642Z,2026-05-24T19:25:24.593741Z,True,id::8482702
2026-05-25,8482702,Logan Stankoven,CAR,POINTS,0.5,105,-135,draftkings,2026-05-24T19:25:24.541642Z,2026-05-24T19:25:24.593741Z,True,id::8482702
2026-05-25,8482702,Logan Stankoven,CAR,POINTS,0.5,105,-139,pinnacle,2026-05-24T19:25:24.541642Z,2026-05-24T19:25:24.593741Z,True,id::8482702
2026-05-25,8482702,Logan Stankoven,CAR,SOG,2.5,-115,-115,draftkings,2026-05-24T19:25:24.541642Z,2026-05-24T19:25:24.593741Z,True,id::8482702
2026-05-25,8482702,Logan Stankoven,CAR,SOG,2.5,100,-130,fanduel,2026-05-24T19:25:24.541642Z,2026-05-24T19:25:24.593741Z,True,id::8482702
2026-05-25,8482702,Logan Stankoven,CAR,SOG,2.5,-117,-113,pinnacle,2026-05-24T19:25:24.541642Z,2026-05-24T19:25:24.593741Z,True,id::8482702
2026-05-25,8482809,Jackson Blake,CAR,ASSISTS,0.5,165,-215,draftkings,2026-05-24T19:25:24.541642Z,2026-05-24T19:25:24.593741Z,True,id::8482809
2026-05-25,8482809,Jackson Blake,CAR,ASSISTS,0.5,172,-235,pinnacle,2026-05-24T19:25:24.541642Z,2026-05-24T19:25:24.593741Z,True,id::8482809
2026-05-25,8482809,Jackson Blake,CAR,POINTS,0.5,-110,-120,draftkings,2026-05-24T19:25:24.541642Z,2026-05-24T19:25:24.593741Z,True,id::8482809
2026-05-25,8482809,Jackson Blake,CAR,POINTS,0.5,-111,-119,pinnacle,2026-05-24T19:25:24.541642Z,2026-05-24T19:25:24.593741Z,True,id::8482809
2026-05-25,8482809,Jackson Blake,CAR,SOG,2.5,114,-145,draftkings,2026-05-24T19:25:24.541642Z,2026-05-24T19:25:24.593741Z,True,id::8482809
2026-05-25,8482809,Jackson Blake,CAR,SOG,2.5,125,-164,fanduel,2026-05-24T19:25:24.541642Z,2026-05-24T19:25:24.593741Z,True,id::8482809
2026-05-25,8482809,Jackson Blake,CAR,SOG,2.5,115,-153,pinnacle,2026-05-24T19:25:24.541642Z,2026-05-24T19:25:24.593741Z,True,id::8482809
2026-05-25,8483457,Lane Hutson,MTL,ASSISTS,0.5,-140,110,draftkings,2026-05-24T19:25:24.541642Z,2026-05-24T19:25:24.593741Z,True,id::8483457
2026-05-25,8483457,Lane Hutson,MTL,ASSISTS,0.5,-150,113,pinnacle,2026-05-24T19:25:24.541642Z,2026-05-24T19:25:24.593741Z,True,id::8483457
2026-05-25,8483457,Lane Hutson,MTL,POINTS,0.5,-175,135,draftkings,2026-05-24T19:25:24.541642Z,2026-05-24T19:25:24.593741Z,True,id::8483457
2026-05-25,8483457,Lane Hutson,MTL,POINTS,0.5,-187,139,pinnacle,2026-05-24T19:25:24.541642Z,2026-05-24T19:25:24.593741Z,True,id::8483457
2026-05-25,8483457,Lane Hutson,MTL,SOG,1.5,131,-176,pinnacle,2026-05-24T19:25:24.541642Z,2026-05-24T19:25:24.593741Z,True,id::8483457
2026-05-25,8483515,Juraj Slafkovsky,MTL,ASSISTS,0.5,130,-166,draftkings,2026-05-24T19:25:24.541642Z,2026-05-24T19:25:24.593741Z,True,id::8483515
2026-05-25,8483515,Juraj Slafkovsky,MTL,ASSISTS,0.5,134,-179,pinnacle,2026-05-24T19:25:24.541642Z,2026-05-24T19:25:24.593741Z,True,id::8483515
2026-05-25,8483515,Juraj Slafkovsky,MTL,GOALS,0.5,210,-300,fanduel,2026-05-24T19:25:24.541642Z,2026-05-24T19:25:24.593741Z,True,id::8483515
2026-05-25,8483515,Juraj Slafkovsky,MTL,POINTS,0.5,-154,120,draftkings,2026-05-24T19:25:24.541642Z,2026-05-24T19:25:24.593741Z,True,id::8483515
2026-05-25,8483515,Juraj Slafkovsky,MTL,POINTS,0.5,-165,124,pinnacle,2026-05-24T19:25:24.541642Z,2026-05-24T19:25:24.593741Z,True,id::8483515
2026-05-25,8483515,Juraj Slafkovsky,MTL,SOG,2.5,124,-160,draftkings,2026-05-24T19:25:24.541642Z,2026-05-24T19:25:24.593741Z,True,id::8483515
2026-05-25,8483515,Juraj Slafkovsky,MTL,SOG,2.5,142,-188,fanduel,2026-05-24T19:25:24.541642Z,2026-05-24T19:25:24.593741Z,True,id::8483515
2026-05-25,8483515,Juraj Slafkovsky,MTL,SOG,2.5,132,-177,pinnacle,2026-05-24T19:25:24.541642Z,2026-05-24T19:25:24.593741Z,True,id::8483515
2026-05-25,8484984,Ivan Demidov,MTL,ASSISTS,0.5,165,-215,draftkings,2026-05-24T19:25:24.541642Z,2026-05-24T19:25:24.593741Z,True,id::8484984
2026-05-25,8484984,Ivan Demidov,MTL,ASSISTS,0.5,172,-235,pinnacle,2026-05-24T19:25:24.541642Z,2026-05-24T19:25:24.593741Z,True,id::8484984
2026-05-25,8484984,Ivan Demidov,MTL,POINTS,0.5,-110,-120,draftkings,2026-05-24T19:25:24.541642Z,2026-05-24T19:25:24.593741Z,True,id::8484984
2026-05-25,8484984,Ivan Demidov,MTL,POINTS,0.5,-109,-121,pinnacle,2026-05-24T19:25:24.541642Z,2026-05-24T19:25:24.593741Z,True,id::8484984
2026-05-25,8484984,Ivan Demidov,MTL,SOG,1.5,-154,120,draftkings,2026-05-24T19:25:24.541642Z,2026-05-24T19:25:24.593741Z,True,id::8484984
2026-05-25,8484984,Ivan Demidov,MTL,SOG,1.5,-135,104,fanduel,2026-05-24T19:25:24.541642Z,2026-05-24T19:25:24.593741Z,True,id::8484984
2026-05-25,8484984,Ivan Demidov,MTL,SOG,1.5,-158,118,pinnacle,2026-05-24T19:25:24.541642Z,2026-05-24T19:25:24.593741Z,True,id::8484984
