date,player_id,player_name,team,market,line,over_price,under_price,book,first_seen_at,last_seen_at,is_current
2025-11-12,8475167,Victor Hedman,TBL,SOG,1.5,-160,122,fanduel,2025-11-12T14:57:17.974876Z,2025-11-12T14:57:18.027075Z,True
2025-11-12,8475218,Mattias Ekholm,EDM,ASSISTS,0.5,195,-265,draftkings,2025-11-12T14:57:17.974876Z,2025-11-12T14:57:18.027075Z,True
2025-11-12,8475218,Mattias Ekholm,EDM,ASSISTS,0.5,208,-293,pinnacle,2025-11-12T14:57:17.974876Z,2025-11-12T14:57:18.027075Z,True
2025-11-12,8475218,Mattias Ekholm,EDM,POINTS,0.5,160,-212,draftkings,2025-11-12T14:57:17.974876Z,2025-11-12T14:57:18.027075Z,True
2025-11-12,8475218,Mattias Ekholm,EDM,POINTS,0.5,160,-218,pinnacle,2025-11-12T14:57:17.974876Z,2025-11-12T14:57:18.027075Z,True
2025-11-12,8475218,Mattias Ekholm,EDM,SOG,1.5,100,-130,draftkings,2025-11-12T14:57:17.974876Z,2025-11-12T14:57:18.027075Z,True
2025-11-12,8475218,Mattias Ekholm,EDM,SOG,1.5,102,-132,fanduel,2025-11-12T14:57:17.974876Z,2025-11-12T14:57:18.027075Z,True
2025-11-12,8475218,Mattias Ekholm,EDM,SOG,1.5,-103,-128,pinnacle,2025-11-12T14:57:17.974876Z,2025-11-12T14:57:18.027075Z,True
2025-11-12,8476389,Vincent Trocheck,NYR,ASSISTS,0.5,180,-240,draftkings,2025-11-12T14:57:17.974876Z,2025-11-12T14:57:18.027075Z,True
2025-11-12,8476389,Vincent Trocheck,NYR,ASSISTS,0.5,175,-250,pinnacle,2025-11-12T14:57:17.974876Z,2025-11-12T14:57:18.027075Z,True
2025-11-12,8476389,Vincent Trocheck,NYR,GOALS,0.5,320,-490,fanduel,2025-11-12T14:57:17.974876Z,2025-11-12T14:57:18.027075Z,True
2025-11-12,8476389,Vincent Trocheck,NYR,POINTS,0.5,100,-130,draftkings,2025-11-12T14:57:17.974876Z,2025-11-12T14:57:18.027075Z,True
2025-11-12,8476389,Vincent Trocheck,NYR,POINTS,0.5,-105,-128,pinnacle,2025-11-12T14:57:17.974876Z,2025-11-12T14:57:18.027075Z,True
2025-11-12,8476389,Vincent Trocheck,NYR,SOG,1.5,-154,120,draftkings,2025-11-12T14:57:17.974876Z,2025-11-12T14:57:18.027075Z,True
2025-11-12,8476389,Vincent Trocheck,NYR,SOG,1.5,-140,108,fanduel,2025-11-12T14:57:17.974876Z,2025-11-12T14:57:18.027075Z,True
2025-11-12,8476389,Vincent Trocheck,NYR,SOG,1.5,-164,123,pinnacle,2025-11-12T14:57:17.974876Z,2025-11-12T14:57:18.027075Z,True
2025-11-12,8476453,Nikita Kucherov,TBL,ASSISTS,0.5,-154,120,draftkings,2025-11-12T14:57:17.974876Z,2025-11-12T14:57:18.027075Z,True
2025-11-12,8476453,Nikita Kucherov,TBL,ASSISTS,0.5,-165,120,pinnacle,2025-11-12T14:57:17.974876Z,2025-11-12T14:57:18.027075Z,True
2025-11-12,8476453,Nikita Kucherov,TBL,GOALS,0.5,155,-210,fanduel,2025-11-12T14:57:17.974876Z,2025-11-12T14:57:18.027075Z,True
2025-11-12,8476453,Nikita Kucherov,TBL,POINTS,1.5,135,-175,draftkings,2025-11-12T14:57:17.974876Z,2025-11-12T14:57:18.027075Z,True
2025-11-12,8476453,Nikita Kucherov,TBL,POINTS,1.5,135,-181,pinnacle,2025-11-12T14:57:17.974876Z,2025-11-12T14:57:18.027075Z,True
2025-11-12,8476453,Nikita Kucherov,TBL,SOG,3.5,115,-148,draftkings,2025-11-12T14:57:17.974876Z,2025-11-12T14:57:18.027075Z,True
2025-11-12,8476453,Nikita Kucherov,TBL,SOG,3.5,108,-140,fanduel,2025-11-12T14:57:17.974876Z,2025-11-12T14:57:18.027075Z,True
2025-11-12,8476453,Nikita Kucherov,TBL,SOG,3.5,114,-152,pinnacle,2025-11-12T14:57:17.974876Z,2025-11-12T14:57:18.027075Z,True
2025-11-12,8476459,Mika Zibanejad,NYR,ASSISTS,0.5,165,-218,draftkings,2025-11-12T14:57:17.974876Z,2025-11-12T14:57:18.027075Z,True
2025-11-12,8476459,Mika Zibanejad,NYR,ASSISTS,0.5,167,-228,pinnacle,2025-11-12T14:57:17.974876Z,2025-11-12T14:57:18.027075Z,True
2025-11-12,8476459,Mika Zibanejad,NYR,GOALS,0.5,220,-310,fanduel,2025-11-12T14:57:17.974876Z,2025-11-12T14:57:18.027075Z,True
2025-11-12,8476459,Mika Zibanejad,NYR,POINTS,0.5,-125,-105,draftkings,2025-11-12T14:57:17.974876Z,2025-11-12T14:57:18.027075Z,True
2025-11-12,8476459,Mika Zibanejad,NYR,POINTS,0.5,-126,-105,pinnacle,2025-11-12T14:57:17.974876Z,2025-11-12T14:57:18.027075Z,True
2025-11-12,8476459,Mika Zibanejad,NYR,SOG,2.5,-105,-125,draftkings,2025-11-12T14:57:17.974876Z,2025-11-12T14:57:18.027075Z,True
2025-11-12,8476459,Mika Zibanejad,NYR,SOG,2.5,-110,-118,fanduel,2025-11-12T14:57:17.974876Z,2025-11-12T14:57:18.027075Z,True
2025-11-12,8476459,Mika Zibanejad,NYR,SOG,2.5,-108,-123,pinnacle,2025-11-12T14:57:17.974876Z,2025-11-12T14:57:18.027075Z,True
2025-11-12,8476461,Sean Couturier,PHI,ASSISTS,0.5,176,-234,draftkings,2025-11-12T14:57:17.974876Z,2025-11-12T14:57:18.027075Z,True
2025-11-12,8476461,Sean Couturier,PHI,ASSISTS,0.5,180,-250,pinnacle,2025-11-12T14:57:17.974876Z,2025-11-12T14:57:18.027075Z,True
2025-11-12,8476461,Sean Couturier,PHI,POINTS,0.5,105,-135,draftkings,2025-11-12T14:57:17.974876Z,2025-11-12T14:57:18.027075Z,True
2025-11-12,8476461,Sean Couturier,PHI,POINTS,0.5,102,-135,pinnacle,2025-11-12T14:57:17.974876Z,2025-11-12T14:57:18.027075Z,True
2025-11-12,8476461,Sean Couturier,PHI,SOG,1.5,-110,-120,draftkings,2025-11-12T14:57:17.974876Z,2025-11-12T14:57:18.027075Z,True
2025-11-12,8476461,Sean Couturier,PHI,SOG,1.5,-114,-114,fanduel,2025-11-12T14:57:17.974876Z,2025-11-12T14:57:18.027075Z,True
2025-11-12,8476461,Sean Couturier,PHI,SOG,1.5,-108,-122,pinnacle,2025-11-12T14:57:17.974876Z,2025-11-12T14:57:18.027075Z,True
2025-11-12,8476468,J.T. Miller,NYR,ASSISTS,0.5,145,-188,draftkings,2025-11-12T14:57:17.974876Z,2025-11-12T14:57:18.027075Z,True
2025-11-12,8476468,J.T. Miller,NYR,ASSISTS,0.5,140,-190,pinnacle,2025-11-12T14:57:17.974876Z,2025-11-12T14:57:18.027075Z,True
2025-11-12,8476468,J.T. Miller,NYR,GOALS,0.5,260,-390,fanduel,2025-11-12T14:57:17.974876Z,2025-11-12T14:57:18.027075Z,True
2025-11-12,8476468,J.T. Miller,NYR,POINTS,0.5,-125,-105,draftkings,2025-11-12T14:57:17.974876Z,2025-11-12T14:57:18.027075Z,True
2025-11-12,8476468,J.T. Miller,NYR,POINTS,0.5,-128,-103,pinnacle,2025-11-12T14:57:17.974876Z,2025-11-12T14:57:18.027075Z,True
2025-11-12,8476468,J.T. Miller,NYR,SOG,1.5,-188,145,draftkings,2025-11-12T14:57:17.974876Z,2025-11-12T14:57:18.027075Z,True
2025-11-12,8476468,J.T. Miller,NYR,SOG,1.5,-196,148,fanduel,2025-11-12T14:57:17.974876Z,2025-11-12T14:57:18.027075Z,True
2025-11-12,8476468,J.T. Miller,NYR,SOG,1.5,-200,148,pinnacle,2025-11-12T14:57:17.974876Z,2025-11-12T14:57:18.027075Z,True
2025-11-12,8476474,Stefan Noesen,NJD,SOG,1.5,110,-142,draftkings,2025-11-12T14:57:17.991152Z,2025-11-12T14:57:18.027075Z,True
2025-11-12,8476474,Stefan Noesen,NJD,SOG,1.5,109,-145,pinnacle,2025-11-12T14:57:17.991152Z,2025-11-12T14:57:18.027075Z,True
2025-11-12,8476882,Teuvo Teravainen,CHI,ASSISTS,0.5,145,-188,draftkings,2025-11-12T14:57:17.991152Z,2025-11-12T14:57:18.027075Z,True
2025-11-12,8476882,Teuvo Teravainen,CHI,ASSISTS,0.5,149,-201,pinnacle,2025-11-12T14:57:17.991152Z,2025-11-12T14:57:18.027075Z,True
2025-11-12,8476882,Teuvo Teravainen,CHI,POINTS,0.5,-105,-125,draftkings,2025-11-12T14:57:17.991152Z,2025-11-12T14:57:18.027075Z,True
2025-11-12,8476882,Teuvo Teravainen,CHI,POINTS,0.5,-106,-125,pinnacle,2025-11-12T14:57:17.991152Z,2025-11-12T14:57:18.027075Z,True
2025-11-12,8477220,Nate Schmidt,UTA,ASSISTS,0.5,220,-300,draftkings,2025-11-12T14:57:17.991152Z,2025-11-12T14:57:18.027075Z,True
2025-11-12,8477220,Nate Schmidt,UTA,ASSISTS,0.5,223,-317,pinnacle,2025-11-12T14:57:17.991152Z,2025-11-12T14:57:18.027075Z,True
2025-11-12,8477220,Nate Schmidt,UTA,POINTS,0.5,170,-225,draftkings,2025-11-12T14:57:17.991152Z,2025-11-12T14:57:18.027075Z,True
2025-11-12,8477220,Nate Schmidt,UTA,POINTS,0.5,174,-239,pinnacle,2025-11-12T14:57:17.991152Z,2025-11-12T14:57:18.027075Z,True
2025-11-12,8477404,Jake Guentzel,TBL,ASSISTS,0.5,110,-142,draftkings,2025-11-12T14:57:17.974876Z,2025-11-12T14:57:18.027075Z,True
2025-11-12,8477404,Jake Guentzel,TBL,ASSISTS,0.5,107,-142,pinnacle,2025-11-12T14:57:17.974876Z,2025-11-12T14:57:18.027075Z,True
2025-11-12,8477404,Jake Guentzel,TBL,GOALS,0.5,170,-240,fanduel,2025-11-12T14:57:17.974876Z,2025-11-12T14:57:18.027075Z,True
2025-11-12,8477404,Jake Guentzel,TBL,POINTS,0.5,-234,176,draftkings,2025-11-12T14:57:17.974876Z,2025-11-12T14:57:18.027075Z,True
2025-11-12,8477404,Jake Guentzel,TBL,POINTS,0.5,-250,175,pinnacle,2025-11-12T14:57:17.974876Z,2025-11-12T14:57:18.027075Z,True
2025-11-12,8477404,Jake Guentzel,TBL,SOG,2.5,-115,-115,draftkings,2025-11-12T14:57:17.974876Z,2025-11-12T14:57:18.027075Z,True
2025-11-12,8477404,Jake Guentzel,TBL,SOG,2.5,-110,-118,fanduel,2025-11-12T14:57:17.974876Z,2025-11-12T14:57:18.027075Z,True
2025-11-12,8477404,Jake Guentzel,TBL,SOG,2.5,-115,-115,pinnacle,2025-11-12T14:57:17.974876Z,2025-11-12T14:57:18.027075Z,True
2025-11-12,8477416,Oliver Bjorkstrand,TBL,ASSISTS,0.5,230,-320,draftkings,2025-11-12T14:57:17.974876Z,2025-11-12T14:57:18.027075Z,True
2025-11-12,8477416,Oliver Bjorkstrand,TBL,ASSISTS,0.5,249,-361,pinnacle,2025-11-12T14:57:17.974876Z,2025-11-12T14:57:18.027075Z,True
2025-11-12,8477416,Oliver Bjorkstrand,TBL,GOALS,0.5,380,-600,fanduel,2025-11-12T14:57:17.974876Z,2025-11-12T14:57:18.027075Z,True
2025-11-12,8477416,Oliver Bjorkstrand,TBL,POINTS,0.5,120,-154,draftkings,2025-11-12T14:57:17.974876Z,2025-11-12T14:57:18.027075Z,True
2025-11-12,8477416,Oliver Bjorkstrand,TBL,POINTS,0.5,120,-159,pinnacle,2025-11-12T14:57:17.974876Z,2025-11-12T14:57:18.027075Z,True
2025-11-12,8477416,Oliver Bjorkstrand,TBL,SOG,1.5,-135,105,draftkings,2025-11-12T14:57:17.974876Z,2025-11-12T14:57:18.027075Z,True
2025-11-12,8477416,Oliver Bjorkstrand,TBL,SOG,1.5,-130,100,fanduel,2025-11-12T14:57:17.974876Z,2025-11-12T14:57:18.027075Z,True
2025-11-12,8477416,Oliver Bjorkstrand,TBL,SOG,1.5,-135,102,pinnacle,2025-11-12T14:57:17.974876Z,2025-11-12T14:57:18.027075Z,True
2025-11-12,8477444,Andre Burakovsky,CHI,ASSISTS,0.5,155,-204,draftkings,2025-11-12T14:57:17.991152Z,2025-11-12T14:57:18.027075Z,True
2025-11-12,8477444,Andre Burakovsky,CHI,ASSISTS,0.5,160,-217,pinnacle,2025-11-12T14:57:17.991152Z,2025-11-12T14:57:18.027075Z,True
2025-11-12,8477444,Andre Burakovsky,CHI,GOALS,0.5,290,-450,fanduel,2025-11-12T14:57:17.991152Z,2025-11-12T14:57:18.027075Z,True
2025-11-12,8477444,Andre Burakovsky,CHI,POINTS,0.5,-125,-105,draftkings,2025-11-12T14:57:17.991152Z,2025-11-12T14:57:18.027075Z,True
2025-11-12,8477444,Andre Burakovsky,CHI,POINTS,0.5,-125,-106,pinnacle,2025-11-12T14:57:17.991152Z,2025-11-12T14:57:18.027075Z,True
2025-11-12,8477444,Andre Burakovsky,CHI,SOG,1.5,-130,100,draftkings,2025-11-12T14:57:17.991152Z,2025-11-12T14:57:18.027075Z,True
2025-11-12,8477444,Andre Burakovsky,CHI,SOG,1.5,-125,-104,fanduel,2025-11-12T14:57:17.991152Z,2025-11-12T14:57:18.027075Z,True
2025-11-12,8477444,Andre Burakovsky,CHI,SOG,1.5,-138,103,pinnacle,2025-11-12T14:57:17.991152Z,2025-11-12T14:57:18.027075Z,True
2025-11-12,8477479,Tyler Bertuzzi,CHI,ASSISTS,0.5,170,-225,draftkings,2025-11-12T14:57:17.991152Z,2025-11-12T14:57:18.027075Z,True
2025-11-12,8477479,Tyler Bertuzzi,CHI,ASSISTS,0.5,172,-235,pinnacle,2025-11-12T14:57:17.991152Z,2025-11-12T14:57:18.027075Z,True
2025-11-12,8477479,Tyler Bertuzzi,CHI,GOALS,0.5,260,-390,fanduel,2025-11-12T14:57:17.991152Z,2025-11-12T14:57:18.027075Z,True
2025-11-12,8477479,Tyler Bertuzzi,CHI,POINTS,0.5,-135,105,draftkings,2025-11-12T14:57:17.991152Z,2025-11-12T14:57:18.027075Z,True
2025-11-12,8477479,Tyler Bertuzzi,CHI,POINTS,0.5,-135,102,pinnacle,2025-11-12T14:57:17.991152Z,2025-11-12T14:57:18.027075Z,True
2025-11-12,8477479,Tyler Bertuzzi,CHI,SOG,1.5,-142,110,draftkings,2025-11-12T14:57:17.991152Z,2025-11-12T14:57:18.027075Z,True
2025-11-12,8477479,Tyler Bertuzzi,CHI,SOG,1.5,-152,116,fanduel,2025-11-12T14:57:17.991152Z,2025-11-12T14:57:18.027075Z,True
2025-11-12,8477479,Tyler Bertuzzi,CHI,SOG,1.5,-149,111,pinnacle,2025-11-12T14:57:17.991152Z,2025-11-12T14:57:18.027075Z,True
2025-11-12,8477498,Darnell Nurse,EDM,SOG,1.5,-135,105,draftkings,2025-11-12T14:57:17.974876Z,2025-11-12T14:57:18.027075Z,True
2025-11-12,8477498,Darnell Nurse,EDM,SOG,1.5,-128,-102,fanduel,2025-11-12T14:57:17.974876Z,2025-11-12T14:57:18.027075Z,True
2025-11-12,8477498,Darnell Nurse,EDM,SOG,1.5,-135,102,pinnacle,2025-11-12T14:57:17.974876Z,2025-11-12T14:57:18.027075Z,True
2025-11-12,8477934,Leon Draisaitl,EDM,ASSISTS,0.5,-135,105,draftkings,2025-11-12T14:57:17.974876Z,2025-11-12T14:57:18.027075Z,True
2025-11-12,8477934,Leon Draisaitl,EDM,ASSISTS,0.5,-138,104,pinnacle,2025-11-12T14:57:17.974876Z,2025-11-12T14:57:18.027075Z,True
2025-11-12,8477934,Leon Draisaitl,EDM,GOALS,0.5,120,-160,fanduel,2025-11-12T14:57:17.974876Z,2025-11-12T14:57:18.027075Z,True
2025-11-12,8477934,Leon Draisaitl,EDM,POINTS,1.5,140,-182,draftkings,2025-11-12T14:57:17.974876Z,2025-11-12T14:57:18.027075Z,True
2025-11-12,8477934,Leon Draisaitl,EDM,POINTS,1.5,140,-188,pinnacle,2025-11-12T14:57:17.974876Z,2025-11-12T14:57:18.027075Z,True
2025-11-12,8477934,Leon Draisaitl,EDM,SOG,2.5,-130,100,draftkings,2025-11-12T14:57:17.974876Z,2025-11-12T14:57:18.027075Z,True
2025-11-12,8477934,Leon Draisaitl,EDM,SOG,2.5,-128,-102,fanduel,2025-11-12T14:57:17.974876Z,2025-11-12T14:57:18.027075Z,True
2025-11-12,8477934,Leon Draisaitl,EDM,SOG,2.5,-122,101,pinnacle,2025-11-12T14:57:17.974876Z,2025-11-12T14:57:18.027075Z,True
2025-11-12,8477948,Travis Sanheim,PHI,SOG,1.5,120,-156,fanduel,2025-11-12T14:57:17.974876Z,2025-11-12T14:57:18.027075Z,True
2025-11-12,8477949,Alex Tuch,BUF,ASSISTS,0.5,155,-204,draftkings,2025-11-12T14:57:17.991152Z,2025-11-12T14:57:18.027075Z,True
2025-11-12,8477949,Alex Tuch,BUF,ASSISTS,0.5,156,-212,pinnacle,2025-11-12T14:57:17.991152Z,2025-11-12T14:57:18.027075Z,True
2025-11-12,8477949,Alex Tuch,BUF,GOALS,0.5,210,-290,fanduel,2025-11-12T14:57:17.991152Z,2025-11-12T14:57:18.027075Z,True
2025-11-12,8477949,Alex Tuch,BUF,POINTS,0.5,-135,105,draftkings,2025-11-12T14:57:17.991152Z,2025-11-12T14:57:18.027075Z,True
2025-11-12,8477949,Alex Tuch,BUF,POINTS,0.5,-136,103,pinnacle,2025-11-12T14:57:17.991152Z,2025-11-12T14:57:18.027075Z,True
2025-11-12,8477949,Alex Tuch,BUF,SOG,2.5,140,-182,draftkings,2025-11-12T14:57:17.991152Z,2025-11-12T14:57:18.027075Z,True
2025-11-12,8477949,Alex Tuch,BUF,SOG,2.5,138,-182,fanduel,2025-11-12T14:57:17.991152Z,2025-11-12T14:57:18.027075Z,True
2025-11-12,8477949,Alex Tuch,BUF,SOG,2.5,142,-191,pinnacle,2025-11-12T14:57:17.991152Z,2025-11-12T14:57:18.027075Z,True
2025-11-12,8477951,Nick Schmaltz,UTA,ASSISTS,0.5,100,-130,draftkings,2025-11-12T14:57:17.991152Z,2025-11-12T14:57:18.027075Z,True
2025-11-12,8477951,Nick Schmaltz,UTA,ASSISTS,0.5,-102,-130,pinnacle,2025-11-12T14:57:17.991152Z,2025-11-12T14:57:18.027075Z,True
2025-11-12,8477951,Nick Schmaltz,UTA,GOALS,0.5,180,-250,fanduel,2025-11-12T14:57:17.991152Z,2025-11-12T14:57:18.027075Z,True
2025-11-12,8477951,Nick Schmaltz,UTA,POINTS,0.5,-212,160,draftkings,2025-11-12T14:57:17.991152Z,2025-11-12T14:57:18.027075Z,True
2025-11-12,8477951,Nick Schmaltz,UTA,POINTS,0.5,-230,160,pinnacle,2025-11-12T14:57:17.991152Z,2025-11-12T14:57:18.027075Z,True
2025-11-12,8477951,Nick Schmaltz,UTA,SOG,2.5,100,-130,draftkings,2025-11-12T14:57:17.991152Z,2025-11-12T14:57:18.027075Z,True
2025-11-12,8477951,Nick Schmaltz,UTA,SOG,2.5,100,-130,fanduel,2025-11-12T14:57:17.991152Z,2025-11-12T14:57:18.027075Z,True
2025-11-12,8477951,Nick Schmaltz,UTA,SOG,2.5,100,-132,pinnacle,2025-11-12T14:57:17.991152Z,2025-11-12T14:57:18.027075Z,True
2025-11-12,8477987,Ryan Donato,CHI,ASSISTS,0.5,250,-350,draftkings,2025-11-12T14:57:17.991152Z,2025-11-12T14:57:18.027075Z,True
2025-11-12,8477987,Ryan Donato,CHI,ASSISTS,0.5,264,-388,pinnacle,2025-11-12T14:57:17.991152Z,2025-11-12T14:57:18.027075Z,True
2025-11-12,8477987,Ryan Donato,CHI,GOALS,0.5,290,-440,fanduel,2025-11-12T14:57:17.991152Z,2025-11-12T14:57:18.027075Z,True
2025-11-12,8477987,Ryan Donato,CHI,POINTS,0.5,130,-168,draftkings,2025-11-12T14:57:17.991152Z,2025-11-12T14:57:18.027075Z,True
2025-11-12,8477987,Ryan Donato,CHI,POINTS,0.5,130,-174,pinnacle,2025-11-12T14:57:17.991152Z,2025-11-12T14:57:18.027075Z,True
2025-11-12,8477987,Ryan Donato,CHI,SOG,1.5,-125,-105,draftkings,2025-11-12T14:57:17.991152Z,2025-11-12T14:57:18.027075Z,True
2025-11-12,8477987,Ryan Donato,CHI,SOG,1.5,-125,-104,fanduel,2025-11-12T14:57:17.991152Z,2025-11-12T14:57:18.027075Z,True
2025-11-12,8477987,Ryan Donato,CHI,SOG,1.5,-123,-108,pinnacle,2025-11-12T14:57:17.991152Z,2025-11-12T14:57:18.027075Z,True
2025-11-12,8478010,Brayden Point,TBL,ASSISTS,0.5,126,-162,draftkings,2025-11-12T14:57:17.974876Z,2025-11-12T14:57:18.027075Z,True
2025-11-12,8478010,Brayden Point,TBL,ASSISTS,0.5,126,-168,pinnacle,2025-11-12T14:57:17.974876Z,2025-11-12T14:57:18.027075Z,True
2025-11-12,8478010,Brayden Point,TBL,GOALS,0.5,170,-240,fanduel,2025-11-12T14:57:17.974876Z,2025-11-12T14:57:18.027075Z,True
2025-11-12,8478010,Brayden Point,TBL,POINTS,0.5,-188,145,draftkings,2025-11-12T14:57:17.974876Z,2025-11-12T14:57:18.027075Z,True
2025-11-12,8478010,Brayden Point,TBL,POINTS,0.5,-200,148,pinnacle,2025-11-12T14:57:17.974876Z,2025-11-12T14:57:18.027075Z,True
2025-11-12,8478010,Brayden Point,TBL,SOG,2.5,115,-148,draftkings,2025-11-12T14:57:17.974876Z,2025-11-12T14:57:18.027075Z,True
2025-11-12,8478010,Brayden Point,TBL,SOG,2.5,116,-152,fanduel,2025-11-12T14:57:17.974876Z,2025-11-12T14:57:18.027075Z,True
2025-11-12,8478010,Brayden Point,TBL,SOG,2.5,117,-156,pinnacle,2025-11-12T14:57:17.974876Z,2025-11-12T14:57:18.027075Z,True
2025-11-12,8478013,Jake Walman,EDM,ASSISTS,0.5,210,-285,draftkings,2025-11-12T14:57:17.974876Z,2025-11-12T14:57:18.027075Z,True
2025-11-12,8478013,Jake Walman,EDM,ASSISTS,0.5,213,-300,pinnacle,2025-11-12T14:57:17.974876Z,2025-11-12T14:57:18.027075Z,True
2025-11-12,8478013,Jake Walman,EDM,POINTS,0.5,160,-212,draftkings,2025-11-12T14:57:17.974876Z,2025-11-12T14:57:18.027075Z,True
2025-11-12,8478013,Jake Walman,EDM,POINTS,0.5,160,-218,pinnacle,2025-11-12T14:57:17.974876Z,2025-11-12T14:57:18.027075Z,True
2025-11-12,8478013,Jake Walman,EDM,SOG,1.5,-125,-105,draftkings,2025-11-12T14:57:17.974876Z,2025-11-12T14:57:18.027075Z,True
2025-11-12,8478013,Jake Walman,EDM,SOG,1.5,-125,-104,fanduel,2025-11-12T14:57:17.974876Z,2025-11-12T14:57:18.027075Z,True
2025-11-12,8478013,Jake Walman,EDM,SOG,1.5,-124,-107,pinnacle,2025-11-12T14:57:17.974876Z,2025-11-12T14:57:18.027075Z,True
2025-11-12,8478402,Connor McDavid,EDM,ASSISTS,0.5,-234,176,draftkings,2025-11-12T14:57:17.974876Z,2025-11-12T14:57:18.027075Z,True
2025-11-12,8478402,Connor McDavid,EDM,ASSISTS,0.5,-243,177,pinnacle,2025-11-12T14:57:17.974876Z,2025-11-12T14:57:18.027075Z,True
2025-11-12,8478402,Connor McDavid,EDM,GOALS,0.5,155,-210,fanduel,2025-11-12T14:57:17.974876Z,2025-11-12T14:57:18.027075Z,True
2025-11-12,8478402,Connor McDavid,EDM,POINTS,1.5,100,-130,draftkings,2025-11-12T14:57:17.974876Z,2025-11-12T14:57:18.027075Z,True
2025-11-12,8478402,Connor McDavid,EDM,POINTS,1.5,-106,-125,pinnacle,2025-11-12T14:57:17.974876Z,2025-11-12T14:57:18.027075Z,True
2025-11-12,8478402,Connor McDavid,EDM,SOG,2.5,-162,126,draftkings,2025-11-12T14:57:17.974876Z,2025-11-12T14:57:18.027075Z,True
2025-11-12,8478402,Connor McDavid,EDM,SOG,2.5,-168,128,fanduel,2025-11-12T14:57:17.974876Z,2025-11-12T14:57:18.027075Z,True
2025-11-12,8478402,Connor McDavid,EDM,SOG,2.5,-172,129,pinnacle,2025-11-12T14:57:17.974876Z,2025-11-12T14:57:18.027075Z,True
2025-11-12,8478414,Timo Meier,NJD,ASSISTS,0.5,145,-188,draftkings,2025-11-12T14:57:17.991152Z,2025-11-12T14:57:18.027075Z,True
2025-11-12,8478414,Timo Meier,NJD,ASSISTS,0.5,145,-195,pinnacle,2025-11-12T14:57:17.991152Z,2025-11-12T14:57:18.027075Z,True
2025-11-12,8478414,Timo Meier,NJD,GOALS,0.5,195,-270,fanduel,2025-11-12T14:57:17.991152Z,2025-11-12T14:57:18.027075Z,True
2025-11-12,8478414,Timo Meier,NJD,POINTS,0.5,-168,130,draftkings,2025-11-12T14:57:17.991152Z,2025-11-12T14:57:18.027075Z,True
2025-11-12,8478414,Timo Meier,NJD,POINTS,0.5,-174,130,pinnacle,2025-11-12T14:57:17.991152Z,2025-11-12T14:57:18.027075Z,True
2025-11-12,8478414,Timo Meier,NJD,SOG,3.5,110,-142,draftkings,2025-11-12T14:57:17.991152Z,2025-11-12T14:57:18.027075Z,True
2025-11-12,8478414,Timo Meier,NJD,SOG,3.5,106,-138,fanduel,2025-11-12T14:57:17.991152Z,2025-11-12T14:57:18.027075Z,True
2025-11-12,8478414,Timo Meier,NJD,SOG,3.5,109,-146,pinnacle,2025-11-12T14:57:17.991152Z,2025-11-12T14:57:18.027075Z,True
2025-11-12,8478439,Travis Konecny,PHI,ASSISTS,0.5,135,-175,draftkings,2025-11-12T14:57:17.974876Z,2025-11-12T14:57:18.027075Z,True
2025-11-12,8478439,Travis Konecny,PHI,ASSISTS,0.5,134,-179,pinnacle,2025-11-12T14:57:17.974876Z,2025-11-12T14:57:18.027075Z,True
2025-11-12,8478439,Travis Konecny,PHI,GOALS,0.5,240,-360,fanduel,2025-11-12T14:57:17.974876Z,2025-11-12T14:57:18.027075Z,True
2025-11-12,8478439,Travis Konecny,PHI,POINTS,0.5,-154,120,draftkings,2025-11-12T14:57:17.974876Z,2025-11-12T14:57:18.027075Z,True
2025-11-12,8478439,Travis Konecny,PHI,POINTS,0.5,-165,121,pinnacle,2025-11-12T14:57:17.974876Z,2025-11-12T14:57:18.027075Z,True
2025-11-12,8478439,Travis Konecny,PHI,SOG,2.5,130,-168,draftkings,2025-11-12T14:57:17.974876Z,2025-11-12T14:57:18.027075Z,True
2025-11-12,8478439,Travis Konecny,PHI,SOG,2.5,128,-168,fanduel,2025-11-12T14:57:17.974876Z,2025-11-12T14:57:18.027075Z,True
2025-11-12,8478439,Travis Konecny,PHI,SOG,2.5,132,-177,pinnacle,2025-11-12T14:57:17.974876Z,2025-11-12T14:57:18.027075Z,True
2025-11-12,8478458,Jack Roslovic,EDM,ASSISTS,0.5,160,-212,draftkings,2025-11-12T14:57:17.974876Z,2025-11-12T14:57:18.027075Z,True
2025-11-12,8478458,Jack Roslovic,EDM,ASSISTS,0.5,165,-224,pinnacle,2025-11-12T14:57:17.974876Z,2025-11-12T14:57:18.027075Z,True
2025-11-12,8478458,Jack Roslovic,EDM,GOALS,0.5,250,-360,fanduel,2025-11-12T14:57:17.974876Z,2025-11-12T14:57:18.027075Z,True
2025-11-12,8478458,Jack Roslovic,EDM,POINTS,0.5,-135,105,draftkings,2025-11-12T14:57:17.974876Z,2025-11-12T14:57:18.027075Z,True
2025-11-12,8478458,Jack Roslovic,EDM,POINTS,0.5,-155,113,pinnacle,2025-11-12T14:57:17.974876Z,2025-11-12T14:57:18.027075Z,True
2025-11-12,8478458,Jack Roslovic,EDM,SOG,1.5,-198,150,draftkings,2025-11-12T14:57:17.974876Z,2025-11-12T14:57:18.027075Z,True
2025-11-12,8478458,Jack Roslovic,EDM,SOG,1.5,-230,165,pinnacle,2025-11-12T14:57:17.974876Z,2025-11-12T14:57:18.027075Z,True
2025-11-12,8478458,Jack Roslovic,EDM,SOG,2.5,154,-205,fanduel,2025-11-12T14:57:17.974876Z,2025-11-12T14:57:18.027075Z,True
2025-11-12,8478519,Anthony Cirelli,TBL,ASSISTS,0.5,210,-285,draftkings,2025-11-12T14:57:17.974876Z,2025-11-12T14:57:18.027075Z,True
2025-11-12,8478519,Anthony Cirelli,TBL,ASSISTS,0.5,214,-303,pinnacle,2025-11-12T14:57:17.974876Z,2025-11-12T14:57:18.027075Z,True
2025-11-12,8478519,Anthony Cirelli,TBL,POINTS,0.5,-105,-125,draftkings,2025-11-12T14:57:17.974876Z,2025-11-12T14:57:18.027075Z,True
2025-11-12,8478519,Anthony Cirelli,TBL,POINTS,0.5,-107,-123,pinnacle,2025-11-12T14:57:17.974876Z,2025-11-12T14:57:18.027075Z,True
2025-11-12,8478519,Anthony Cirelli,TBL,SOG,1.5,-105,-125,draftkings,2025-11-12T14:57:17.974876Z,2025-11-12T14:57:18.027075Z,True
2025-11-12,8478550,Artemi Panarin,NYR,ASSISTS,0.5,135,-175,draftkings,2025-11-12T14:57:17.974876Z,2025-11-12T14:57:18.027075Z,True
2025-11-12,8478550,Artemi Panarin,NYR,ASSISTS,0.5,128,-175,pinnacle,2025-11-12T14:57:17.974876Z,2025-11-12T14:57:18.027075Z,True
2025-11-12,8478550,Artemi Panarin,NYR,GOALS,0.5,210,-290,fanduel,2025-11-12T14:57:17.974876Z,2025-11-12T14:57:18.027075Z,True
2025-11-12,8478550,Artemi Panarin,NYR,POINTS,0.5,-162,126,draftkings,2025-11-12T14:57:17.974876Z,2025-11-12T14:57:18.027075Z,True
2025-11-12,8478550,Artemi Panarin,NYR,POINTS,0.5,-169,126,pinnacle,2025-11-12T14:57:17.974876Z,2025-11-12T14:57:18.027075Z,True
2025-11-12,8478550,Artemi Panarin,NYR,SOG,2.5,-168,130,draftkings,2025-11-12T14:57:17.974876Z,2025-11-12T14:57:18.027075Z,True
2025-11-12,8478550,Artemi Panarin,NYR,SOG,2.5,-168,128,fanduel,2025-11-12T14:57:17.974876Z,2025-11-12T14:57:18.027075Z,True
2025-11-12,8478550,Artemi Panarin,NYR,SOG,2.5,-180,132,pinnacle,2025-11-12T14:57:17.974876Z,2025-11-12T14:57:18.027075Z,True
2025-11-12,8479323,Adam Fox,NYR,ASSISTS,0.5,126,-162,draftkings,2025-11-12T14:57:17.974876Z,2025-11-12T14:57:18.027075Z,True
2025-11-12,8479323,Adam Fox,NYR,ASSISTS,0.5,121,-165,pinnacle,2025-11-12T14:57:17.974876Z,2025-11-12T14:57:18.027075Z,True
2025-11-12,8479323,Adam Fox,NYR,POINTS,0.5,-105,-125,draftkings,2025-11-12T14:57:17.974876Z,2025-11-12T14:57:18.027075Z,True
2025-11-12,8479323,Adam Fox,NYR,POINTS,0.5,-107,-124,pinnacle,2025-11-12T14:57:17.974876Z,2025-11-12T14:57:18.027075Z,True
2025-11-12,8479323,Adam Fox,NYR,SOG,1.5,-168,130,draftkings,2025-11-12T14:57:17.974876Z,2025-11-12T14:57:18.027075Z,True
2025-11-12,8479323,Adam Fox,NYR,SOG,1.5,-164,125,fanduel,2025-11-12T14:57:17.974876Z,2025-11-12T14:57:18.027075Z,True
2025-11-12,8479323,Adam Fox,NYR,SOG,1.5,-178,133,pinnacle,2025-11-12T14:57:17.974876Z,2025-11-12T14:57:18.027075Z,True
2025-11-12,8479343,Clayton Keller,UTA,ASSISTS,0.5,-125,-105,draftkings,2025-11-12T14:57:17.991152Z,2025-11-12T14:57:18.027075Z,True
2025-11-12,8479343,Clayton Keller,UTA,ASSISTS,0.5,-125,-106,pinnacle,2025-11-12T14:57:17.991152Z,2025-11-12T14:57:18.027075Z,True
2025-11-12,8479343,Clayton Keller,UTA,GOALS,0.5,180,-250,fanduel,2025-11-12T14:57:17.991152Z,2025-11-12T14:57:18.027075Z,True
2025-11-12,8479343,Clayton Keller,UTA,POINTS,0.5,-248,185,draftkings,2025-11-12T14:57:17.991152Z,2025-11-12T14:57:18.027075Z,True
2025-11-12,8479343,Clayton Keller,UTA,POINTS,0.5,-261,189,pinnacle,2025-11-12T14:57:17.991152Z,2025-11-12T14:57:18.027075Z,True
2025-11-12,8479343,Clayton Keller,UTA,SOG,2.5,-130,100,draftkings,2025-11-12T14:57:17.991152Z,2025-11-12T14:57:18.027075Z,True
2025-11-12,8479343,Clayton Keller,UTA,SOG,2.5,-128,-102,fanduel,2025-11-12T14:57:17.991152Z,2025-11-12T14:57:18.027075Z,True
2025-11-12,8479343,Clayton Keller,UTA,SOG,2.5,-133,100,pinnacle,2025-11-12T14:57:17.991152Z,2025-11-12T14:57:18.027075Z,True
2025-11-12,8479407,Jesper Bratt,NJD,ASSISTS,0.5,-130,100,draftkings,2025-11-12T14:57:17.991152Z,2025-11-12T14:57:18.027075Z,True
2025-11-12,8479407,Jesper Bratt,NJD,ASSISTS,0.5,-130,-102,pinnacle,2025-11-12T14:57:17.991152Z,2025-11-12T14:57:18.027075Z,True
2025-11-12,8479407,Jesper Bratt,NJD,GOALS,0.5,230,-320,fanduel,2025-11-12T14:57:17.991152Z,2025-11-12T14:57:18.027075Z,True
2025-11-12,8479407,Jesper Bratt,NJD,POINTS,0.5,-225,170,draftkings,2025-11-12T14:57:17.991152Z,2025-11-12T14:57:18.027075Z,True
2025-11-12,8479407,Jesper Bratt,NJD,POINTS,0.5,-250,175,pinnacle,2025-11-12T14:57:17.991152Z,2025-11-12T14:57:18.027075Z,True
2025-11-12,8479407,Jesper Bratt,NJD,SOG,2.5,135,-175,draftkings,2025-11-12T14:57:17.991152Z,2025-11-12T14:57:18.027075Z,True
2025-11-12,8479407,Jesper Bratt,NJD,SOG,2.5,136,-178,fanduel,2025-11-12T14:57:17.991152Z,2025-11-12T14:57:18.027075Z,True
2025-11-12,8479407,Jesper Bratt,NJD,SOG,2.5,129,-175,pinnacle,2025-11-12T14:57:17.991152Z,2025-11-12T14:57:18.027075Z,True
2025-11-12,8479410,Mikhail Sergachev,UTA,ASSISTS,0.5,115,-148,draftkings,2025-11-12T14:57:17.991152Z,2025-11-12T14:57:18.027075Z,True
2025-11-12,8479410,Mikhail Sergachev,UTA,ASSISTS,0.5,115,-153,pinnacle,2025-11-12T14:57:17.991152Z,2025-11-12T14:57:18.027075Z,True
2025-11-12,8479410,Mikhail Sergachev,UTA,POINTS,0.5,-120,-110,draftkings,2025-11-12T14:57:17.991152Z,2025-11-12T14:57:18.027075Z,True
2025-11-12,8479410,Mikhail Sergachev,UTA,POINTS,0.5,-122,-108,pinnacle,2025-11-12T14:57:17.991152Z,2025-11-12T14:57:18.027075Z,True
2025-11-12,8479410,Mikhail Sergachev,UTA,SOG,1.5,-135,105,draftkings,2025-11-12T14:57:17.991152Z,2025-11-12T14:57:18.027075Z,True
2025-11-12,8479410,Mikhail Sergachev,UTA,SOG,1.5,-135,104,fanduel,2025-11-12T14:57:17.991152Z,2025-11-12T14:57:18.027075Z,True
2025-11-12,8479410,Mikhail Sergachev,UTA,SOG,1.5,-141,106,pinnacle,2025-11-12T14:57:17.991152Z,2025-11-12T14:57:18.027075Z,True
2025-11-12,8479420,Tage Thompson,BUF,ASSISTS,0.5,155,-204,draftkings,2025-11-12T14:57:17.991152Z,2025-11-12T14:57:18.027075Z,True
2025-11-12,8479420,Tage Thompson,BUF,ASSISTS,0.5,157,-213,pinnacle,2025-11-12T14:57:17.991152Z,2025-11-12T14:57:18.027075Z,True
2025-11-12,8479420,Tage Thompson,BUF,GOALS,0.5,125,-165,fanduel,2025-11-12T14:57:17.991152Z,2025-11-12T14:57:18.027075Z,True
2025-11-12,8479420,Tage Thompson,BUF,POINTS,0.5,-182,140,draftkings,2025-11-12T14:57:17.991152Z,2025-11-12T14:57:18.027075Z,True
2025-11-12,8479420,Tage Thompson,BUF,POINTS,0.5,-191,142,pinnacle,2025-11-12T14:57:17.991152Z,2025-11-12T14:57:18.027075Z,True
2025-11-12,8479420,Tage Thompson,BUF,SOG,3.5,100,-130,draftkings,2025-11-12T14:57:17.991152Z,2025-11-12T14:57:18.027075Z,True
2025-11-12,8479420,Tage Thompson,BUF,SOG,3.5,100,-130,fanduel,2025-11-12T14:57:17.991152Z,2025-11-12T14:57:18.027075Z,True
2025-11-12,8479420,Tage Thompson,BUF,SOG,3.5,-104,-129,pinnacle,2025-11-12T14:57:17.991152Z,2025-11-12T14:57:18.027075Z,True
2025-11-12,8479542,Brandon Hagel,TBL,ASSISTS,0.5,120,-154,draftkings,2025-11-12T14:57:17.974876Z,2025-11-12T14:57:18.027075Z,True
2025-11-12,8479542,Brandon Hagel,TBL,ASSISTS,0.5,116,-154,pinnacle,2025-11-12T14:57:17.974876Z,2025-11-12T14:57:18.027075Z,True
2025-11-12,8479542,Brandon Hagel,TBL,GOALS,0.5,195,-270,fanduel,2025-11-12T14:57:17.974876Z,2025-11-12T14:57:18.027075Z,True
2025-11-12,8479542,Brandon Hagel,TBL,POINTS,0.5,-198,150,draftkings,2025-11-12T14:57:17.974876Z,2025-11-12T14:57:18.027075Z,True
2025-11-12,8479542,Brandon Hagel,TBL,POINTS,0.5,-214,158,pinnacle,2025-11-12T14:57:17.974876Z,2025-11-12T14:57:18.027075Z,True
2025-11-12,8479542,Brandon Hagel,TBL,SOG,2.5,-130,100,draftkings,2025-11-12T14:57:17.974876Z,2025-11-12T14:57:18.027075Z,True
2025-11-12,8479542,Brandon Hagel,TBL,SOG,2.5,-125,-104,fanduel,2025-11-12T14:57:17.974876Z,2025-11-12T14:57:18.027075Z,True
2025-11-12,8479542,Brandon Hagel,TBL,SOG,2.5,-131,-101,pinnacle,2025-11-12T14:57:17.974876Z,2025-11-12T14:57:18.027075Z,True
2025-11-12,8480002,Nico Hischier,NJD,ASSISTS,0.5,126,-162,draftkings,2025-11-12T14:57:17.991152Z,2025-11-12T14:57:18.027075Z,True
2025-11-12,8480002,Nico Hischier,NJD,ASSISTS,0.5,123,-165,pinnacle,2025-11-12T14:57:17.991152Z,2025-11-12T14:57:18.027075Z,True
2025-11-12,8480002,Nico Hischier,NJD,GOALS,0.5,210,-290,fanduel,2025-11-12T14:57:17.991152Z,2025-11-12T14:57:18.027075Z,True
2025-11-12,8480002,Nico Hischier,NJD,POINTS,0.5,-175,135,draftkings,2025-11-12T14:57:17.991152Z,2025-11-12T14:57:18.027075Z,True
2025-11-12,8480002,Nico Hischier,NJD,POINTS,0.5,-181,135,pinnacle,2025-11-12T14:57:17.991152Z,2025-11-12T14:57:18.027075Z,True
2025-11-12,8480002,Nico Hischier,NJD,SOG,2.5,135,-175,draftkings,2025-11-12T14:57:17.991152Z,2025-11-12T14:57:18.027075Z,True
2025-11-12,8480002,Nico Hischier,NJD,SOG,2.5,142,-188,fanduel,2025-11-12T14:57:17.991152Z,2025-11-12T14:57:18.027075Z,True
2025-11-12,8480002,Nico Hischier,NJD,SOG,2.5,129,-175,pinnacle,2025-11-12T14:57:17.991152Z,2025-11-12T14:57:18.027075Z,True
2025-11-12,8480015,Owen Tippett,PHI,ASSISTS,0.5,270,-385,draftkings,2025-11-12T14:57:17.974876Z,2025-11-12T14:57:18.027075Z,True
2025-11-12,8480015,Owen Tippett,PHI,ASSISTS,0.5,297,-450,pinnacle,2025-11-12T14:57:17.974876Z,2025-11-12T14:57:18.027075Z,True
2025-11-12,8480015,Owen Tippett,PHI,GOALS,0.5,280,-420,fanduel,2025-11-12T14:57:17.974876Z,2025-11-12T14:57:18.027075Z,True
2025-11-12,8480015,Owen Tippett,PHI,POINTS,0.5,126,-162,draftkings,2025-11-12T14:57:17.974876Z,2025-11-12T14:57:18.027075Z,True
2025-11-12,8480015,Owen Tippett,PHI,POINTS,0.5,127,-169,pinnacle,2025-11-12T14:57:17.974876Z,2025-11-12T14:57:18.027075Z,True
2025-11-12,8480015,Owen Tippett,PHI,SOG,2.5,105,-135,draftkings,2025-11-12T14:57:17.974876Z,2025-11-12T14:57:18.027075Z,True
2025-11-12,8480015,Owen Tippett,PHI,SOG,2.5,-108,-120,fanduel,2025-11-12T14:57:17.974876Z,2025-11-12T14:57:18.027075Z,True
2025-11-12,8480015,Owen Tippett,PHI,SOG,2.5,-108,-124,pinnacle,2025-11-12T14:57:17.974876Z,2025-11-12T14:57:18.027075Z,True
2025-11-12,8480220,Noah Cates,PHI,ASSISTS,0.5,195,-265,draftkings,2025-11-12T14:57:17.974876Z,2025-11-12T14:57:18.027075Z,True
2025-11-12,8480220,Noah Cates,PHI,ASSISTS,0.5,190,-240,pinnacle,2025-11-12T14:57:17.974876Z,2025-11-12T14:57:18.027075Z,True
2025-11-12,8480220,Noah Cates,PHI,POINTS,0.5,115,-148,draftkings,2025-11-12T14:57:17.974876Z,2025-11-12T14:57:18.027075Z,True
2025-11-12,8480220,Noah Cates,PHI,POINTS,0.5,114,-151,pinnacle,2025-11-12T14:57:17.974876Z,2025-11-12T14:57:18.027075Z,True
2025-11-12,8480220,Noah Cates,PHI,SOG,1.5,120,-154,draftkings,2025-11-12T14:57:17.974876Z,2025-11-12T14:57:18.027075Z,True
2025-11-12,8480220,Noah Cates,PHI,SOG,1.5,122,-162,pinnacle,2025-11-12T14:57:17.974876Z,2025-11-12T14:57:18.027075Z,True
2025-11-12,8480802,Ryan McLeod,BUF,ASSISTS,0.5,195,-265,draftkings,2025-11-12T14:57:17.991152Z,2025-11-12T14:57:18.027075Z,True
2025-11-12,8480802,Ryan McLeod,BUF,ASSISTS,0.5,200,-290,pinnacle,2025-11-12T14:57:17.991152Z,2025-11-12T14:57:18.027075Z,True
2025-11-12,8480802,Ryan McLeod,BUF,GOALS,0.5,360,-600,fanduel,2025-11-12T14:57:17.991152Z,2025-11-12T14:57:18.027075Z,True
2025-11-12,8480802,Ryan McLeod,BUF,POINTS,0.5,115,-148,draftkings,2025-11-12T14:57:17.991152Z,2025-11-12T14:57:18.027075Z,True
2025-11-12,8480802,Ryan McLeod,BUF,POINTS,0.5,115,-153,pinnacle,2025-11-12T14:57:17.991152Z,2025-11-12T14:57:18.027075Z,True
2025-11-12,8480803,Evan Bouchard,EDM,ASSISTS,0.5,-105,-125,draftkings,2025-11-12T14:57:17.974876Z,2025-11-12T14:57:18.027075Z,True
2025-11-12,8480803,Evan Bouchard,EDM,ASSISTS,0.5,-107,-125,pinnacle,2025-11-12T14:57:17.974876Z,2025-11-12T14:57:18.027075Z,True
2025-11-12,8480803,Evan Bouchard,EDM,POINTS,0.5,-148,115,draftkings,2025-11-12T14:57:17.974876Z,2025-11-12T14:57:18.027075Z,True
2025-11-12,8480803,Evan Bouchard,EDM,POINTS,0.5,-149,112,pinnacle,2025-11-12T14:57:17.974876Z,2025-11-12T14:57:18.027075Z,True
2025-11-12,8480803,Evan Bouchard,EDM,SOG,2.5,-105,-125,draftkings,2025-11-12T14:57:17.974876Z,2025-11-12T14:57:18.027075Z,True
2025-11-12,8480803,Evan Bouchard,EDM,SOG,2.5,-104,-125,fanduel,2025-11-12T14:57:17.974876Z,2025-11-12T14:57:18.027075Z,True
2025-11-12,8480803,Evan Bouchard,EDM,SOG,2.5,-106,-125,pinnacle,2025-11-12T14:57:17.974876Z,2025-11-12T14:57:18.027075Z,True
2025-11-12,8480849,Barrett Hayton,UTA,ASSISTS,0.5,220,-300,draftkings,2025-11-12T14:57:17.991152Z,2025-11-12T14:57:18.027075Z,True
2025-11-12,8480849,Barrett Hayton,UTA,ASSISTS,0.5,231,-330,pinnacle,2025-11-12T14:57:17.991152Z,2025-11-12T14:57:18.027075Z,True
2025-11-12,8480849,Barrett Hayton,UTA,POINTS,0.5,120,-154,draftkings,2025-11-12T14:57:17.991152Z,2025-11-12T14:57:18.027075Z,True
2025-11-12,8480849,Barrett Hayton,UTA,POINTS,0.5,124,-166,pinnacle,2025-11-12T14:57:17.991152Z,2025-11-12T14:57:18.027075Z,True
2025-11-12,8480849,Barrett Hayton,UTA,SOG,1.5,-142,110,draftkings,2025-11-12T14:57:17.991152Z,2025-11-12T14:57:18.027075Z,True
2025-11-12,8480849,Barrett Hayton,UTA,SOG,1.5,-135,104,fanduel,2025-11-12T14:57:17.991152Z,2025-11-12T14:57:18.027075Z,True
2025-11-12,8481524,Bowen Byram,BUF,ASSISTS,0.5,176,-234,draftkings,2025-11-12T14:57:17.991152Z,2025-11-12T14:57:18.027075Z,True
2025-11-12,8481524,Bowen Byram,BUF,ASSISTS,0.5,180,-250,pinnacle,2025-11-12T14:57:17.991152Z,2025-11-12T14:57:18.027075Z,True
2025-11-12,8481524,Bowen Byram,BUF,POINTS,0.5,140,-182,draftkings,2025-11-12T14:57:17.991152Z,2025-11-12T14:57:18.027075Z,True
2025-11-12,8481524,Bowen Byram,BUF,POINTS,0.5,145,-195,pinnacle,2025-11-12T14:57:17.991152Z,2025-11-12T14:57:18.027075Z,True
2025-11-12,8481533,Trevor Zegras,PHI,ASSISTS,0.5,115,-148,draftkings,2025-11-12T14:57:17.974876Z,2025-11-12T14:57:18.027075Z,True
2025-11-12,8481533,Trevor Zegras,PHI,ASSISTS,0.5,113,-150,pinnacle,2025-11-12T14:57:17.974876Z,2025-11-12T14:57:18.027075Z,True
2025-11-12,8481533,Trevor Zegras,PHI,GOALS,0.5,260,-400,fanduel,2025-11-12T14:57:17.974876Z,2025-11-12T14:57:18.027075Z,True
2025-11-12,8481533,Trevor Zegras,PHI,POINTS,0.5,-168,130,draftkings,2025-11-12T14:57:17.974876Z,2025-11-12T14:57:18.027075Z,True
2025-11-12,8481533,Trevor Zegras,PHI,POINTS,0.5,-173,130,pinnacle,2025-11-12T14:57:17.974876Z,2025-11-12T14:57:18.027075Z,True
2025-11-12,8481533,Trevor Zegras,PHI,SOG,1.5,-168,130,draftkings,2025-11-12T14:57:17.974876Z,2025-11-12T14:57:18.027075Z,True
2025-11-12,8481533,Trevor Zegras,PHI,SOG,1.5,-168,128,fanduel,2025-11-12T14:57:17.974876Z,2025-11-12T14:57:18.027075Z,True
2025-11-12,8481533,Trevor Zegras,PHI,SOG,1.5,-174,130,pinnacle,2025-11-12T14:57:17.974876Z,2025-11-12T14:57:18.027075Z,True
2025-11-12,8481553,Bobby Brink,PHI,ASSISTS,0.5,220,-300,draftkings,2025-11-12T14:57:17.974876Z,2025-11-12T14:57:18.027075Z,True
2025-11-12,8481553,Bobby Brink,PHI,ASSISTS,0.5,220,-320,pinnacle,2025-11-12T14:57:17.974876Z,2025-11-12T14:57:18.027075Z,True
2025-11-12,8481553,Bobby Brink,PHI,POINTS,0.5,115,-148,draftkings,2025-11-12T14:57:17.974876Z,2025-11-12T14:57:18.027075Z,True
2025-11-12,8481553,Bobby Brink,PHI,POINTS,0.5,114,-152,pinnacle,2025-11-12T14:57:17.974876Z,2025-11-12T14:57:18.027075Z,True
2025-11-12,8481553,Bobby Brink,PHI,SOG,1.5,-110,-118,fanduel,2025-11-12T14:57:17.974876Z,2025-11-12T14:57:18.027075Z,True
2025-11-12,8481559,Jack Hughes,NJD,ASSISTS,0.5,-130,100,draftkings,2025-11-12T14:57:17.991152Z,2025-11-12T14:57:18.027075Z,True
2025-11-12,8481559,Jack Hughes,NJD,ASSISTS,0.5,-130,-102,pinnacle,2025-11-12T14:57:17.991152Z,2025-11-12T14:57:18.027075Z,True
2025-11-12,8481559,Jack Hughes,NJD,GOALS,0.5,125,-165,fanduel,2025-11-12T14:57:17.991152Z,2025-11-12T14:57:18.027075Z,True
2025-11-12,8481559,Jack Hughes,NJD,POINTS,1.5,140,-182,draftkings,2025-11-12T14:57:17.991152Z,2025-11-12T14:57:18.027075Z,True
2025-11-12,8481559,Jack Hughes,NJD,POINTS,1.5,145,-195,pinnacle,2025-11-12T14:57:17.991152Z,2025-11-12T14:57:18.027075Z,True
2025-11-12,8481559,Jack Hughes,NJD,SOG,3.5,-142,110,draftkings,2025-11-12T14:57:17.991152Z,2025-11-12T14:57:18.027075Z,True
2025-11-12,8481559,Jack Hughes,NJD,SOG,3.5,-144,110,fanduel,2025-11-12T14:57:17.991152Z,2025-11-12T14:57:18.027075Z,True
2025-11-12,8481559,Jack Hughes,NJD,SOG,3.5,-150,113,pinnacle,2025-11-12T14:57:17.991152Z,2025-11-12T14:57:18.027075Z,True
2025-11-12,8481624,Ilya Mikheyev,CHI,SOG,1.5,105,-135,draftkings,2025-11-12T14:57:17.991152Z,2025-11-12T14:57:18.027075Z,True
2025-11-12,8481624,Ilya Mikheyev,CHI,SOG,1.5,108,-140,fanduel,2025-11-12T14:57:17.991152Z,2025-11-12T14:57:18.027075Z,True
2025-11-12,8481624,Ilya Mikheyev,CHI,SOG,1.5,104,-138,pinnacle,2025-11-12T14:57:17.991152Z,2025-11-12T14:57:18.027075Z,True
2025-11-12,8481721,Arseny Gritsyuk,NJD,SOG,1.5,-182,140,draftkings,2025-11-12T14:57:17.991152Z,2025-11-12T14:57:18.027075Z,True
2025-11-12,8481721,Arseny Gritsyuk,NJD,SOG,1.5,-190,144,fanduel,2025-11-12T14:57:17.991152Z,2025-11-12T14:57:18.027075Z,True
2025-11-12,8481721,Arseny Gritsyuk,NJD,SOG,1.5,-193,143,pinnacle,2025-11-12T14:57:17.991152Z,2025-11-12T14:57:18.027075Z,True
2025-11-12,8482097,Jack Quinn,BUF,ASSISTS,0.5,220,-300,draftkings,2025-11-12T14:57:17.991152Z,2025-11-12T14:57:18.027075Z,True
2025-11-12,8482097,Jack Quinn,BUF,ASSISTS,0.5,227,-324,pinnacle,2025-11-12T14:57:17.991152Z,2025-11-12T14:57:18.027075Z,True
2025-11-12,8482097,Jack Quinn,BUF,POINTS,0.5,115,-148,draftkings,2025-11-12T14:57:17.991152Z,2025-11-12T14:57:18.027075Z,True
2025-11-12,8482097,Jack Quinn,BUF,POINTS,0.5,117,-155,pinnacle,2025-11-12T14:57:17.991152Z,2025-11-12T14:57:18.027075Z,True
2025-11-12,8482097,Jack Quinn,BUF,SOG,1.5,-115,-115,draftkings,2025-11-12T14:57:17.991152Z,2025-11-12T14:57:18.027075Z,True
2025-11-12,8482097,Jack Quinn,BUF,SOG,1.5,-118,-110,fanduel,2025-11-12T14:57:17.991152Z,2025-11-12T14:57:18.027075Z,True
2025-11-12,8482097,Jack Quinn,BUF,SOG,1.5,-112,-118,pinnacle,2025-11-12T14:57:17.991152Z,2025-11-12T14:57:18.027075Z,True
2025-11-12,8482109,Alexis Lafrenière,NYR,ASSISTS,0.5,230,-320,draftkings,2025-11-12T14:57:17.974876Z,2025-11-12T14:57:18.027075Z,True
2025-11-12,8482109,Alexis Lafrenière,NYR,ASSISTS,0.5,240,-370,pinnacle,2025-11-12T14:57:17.974876Z,2025-11-12T14:57:18.027075Z,True
2025-11-12,8482109,Alexis Lafrenière,NYR,GOALS,0.5,360,-600,fanduel,2025-11-12T14:57:17.974876Z,2025-11-12T14:57:18.027075Z,True
2025-11-12,8482109,Alexis Lafrenière,NYR,POINTS,0.5,130,-168,draftkings,2025-11-12T14:57:17.974876Z,2025-11-12T14:57:18.027075Z,True
2025-11-12,8482109,Alexis Lafrenière,NYR,POINTS,0.5,125,-170,pinnacle,2025-11-12T14:57:17.974876Z,2025-11-12T14:57:18.027075Z,True
2025-11-12,8482110,Dawson Mercer,NJD,ASSISTS,0.5,195,-265,draftkings,2025-11-12T14:57:17.991152Z,2025-11-12T14:57:18.027075Z,True
2025-11-12,8482110,Dawson Mercer,NJD,ASSISTS,0.5,201,-281,pinnacle,2025-11-12T14:57:17.991152Z,2025-11-12T14:57:18.027075Z,True
2025-11-12,8482110,Dawson Mercer,NJD,GOALS,0.5,230,-330,fanduel,2025-11-12T14:57:17.991152Z,2025-11-12T14:57:18.027075Z,True
2025-11-12,8482110,Dawson Mercer,NJD,POINTS,0.5,-110,-120,draftkings,2025-11-12T14:57:17.991152Z,2025-11-12T14:57:18.027075Z,True
2025-11-12,8482110,Dawson Mercer,NJD,POINTS,0.5,-111,-119,pinnacle,2025-11-12T14:57:17.991152Z,2025-11-12T14:57:18.027075Z,True
2025-11-12,8482110,Dawson Mercer,NJD,SOG,1.5,-142,110,draftkings,2025-11-12T14:57:17.991152Z,2025-11-12T14:57:18.027075Z,True
2025-11-12,8482110,Dawson Mercer,NJD,SOG,1.5,-146,112,fanduel,2025-11-12T14:57:17.991152Z,2025-11-12T14:57:18.027075Z,True
2025-11-12,8482110,Dawson Mercer,NJD,SOG,1.5,-146,110,pinnacle,2025-11-12T14:57:17.991152Z,2025-11-12T14:57:18.027075Z,True
2025-11-12,8482157,Will Cuylle,NYR,ASSISTS,0.5,270,-385,draftkings,2025-11-12T14:57:17.974876Z,2025-11-12T14:57:18.027075Z,True
2025-11-12,8482157,Will Cuylle,NYR,ASSISTS,0.5,290,-450,pinnacle,2025-11-12T14:57:17.974876Z,2025-11-12T14:57:18.027075Z,True
2025-11-12,8482157,Will Cuylle,NYR,POINTS,0.5,135,-175,draftkings,2025-11-12T14:57:17.974876Z,2025-11-12T14:57:18.027075Z,True
2025-11-12,8482157,Will Cuylle,NYR,POINTS,0.5,137,-185,pinnacle,2025-11-12T14:57:17.974876Z,2025-11-12T14:57:18.027075Z,True
2025-11-12,8482157,Will Cuylle,NYR,SOG,1.5,-188,145,draftkings,2025-11-12T14:57:17.974876Z,2025-11-12T14:57:18.027075Z,True
2025-11-12,8482157,Will Cuylle,NYR,SOG,1.5,-198,150,fanduel,2025-11-12T14:57:17.974876Z,2025-11-12T14:57:18.027075Z,True
2025-11-12,8482157,Will Cuylle,NYR,SOG,1.5,-195,145,pinnacle,2025-11-12T14:57:17.974876Z,2025-11-12T14:57:18.027075Z,True
2025-11-12,8482159,Tyson Foerster,PHI,ASSISTS,0.5,230,-320,draftkings,2025-11-12T14:57:17.974876Z,2025-11-12T14:57:18.027075Z,True
2025-11-12,8482159,Tyson Foerster,PHI,ASSISTS,0.5,249,-361,pinnacle,2025-11-12T14:57:17.974876Z,2025-11-12T14:57:18.027075Z,True
2025-11-12,8482159,Tyson Foerster,PHI,POINTS,0.5,110,-142,draftkings,2025-11-12T14:57:17.974876Z,2025-11-12T14:57:18.027075Z,True
2025-11-12,8482159,Tyson Foerster,PHI,POINTS,0.5,112,-149,pinnacle,2025-11-12T14:57:17.974876Z,2025-11-12T14:57:18.027075Z,True
2025-11-12,8482159,Tyson Foerster,PHI,SOG,1.5,-130,100,fanduel,2025-11-12T14:57:17.974876Z,2025-11-12T14:57:18.027075Z,True
2025-11-12,8482175,JJ Peterka,UTA,ASSISTS,0.5,176,-234,draftkings,2025-11-12T14:57:17.991152Z,2025-11-12T14:57:18.027075Z,True
2025-11-12,8482175,JJ Peterka,UTA,ASSISTS,0.5,177,-243,pinnacle,2025-11-12T14:57:17.991152Z,2025-11-12T14:57:18.027075Z,True
2025-11-12,8482175,JJ Peterka,UTA,POINTS,0.5,-120,-110,draftkings,2025-11-12T14:57:17.991152Z,2025-11-12T14:57:18.027075Z,True
2025-11-12,8482175,JJ Peterka,UTA,POINTS,0.5,-117,-113,pinnacle,2025-11-12T14:57:17.991152Z,2025-11-12T14:57:18.027075Z,True
2025-11-12,8482175,JJ Peterka,UTA,SOG,1.5,-182,140,draftkings,2025-11-12T14:57:17.991152Z,2025-11-12T14:57:18.027075Z,True
2025-11-12,8482175,JJ Peterka,UTA,SOG,1.5,-184,140,fanduel,2025-11-12T14:57:17.991152Z,2025-11-12T14:57:18.027075Z,True
2025-11-12,8482175,JJ Peterka,UTA,SOG,1.5,-193,144,pinnacle,2025-11-12T14:57:17.991152Z,2025-11-12T14:57:18.027075Z,True
2025-11-12,8482659,Josh Doan,BUF,ASSISTS,0.5,230,-320,draftkings,2025-11-12T14:57:17.991152Z,2025-11-12T14:57:18.027075Z,True
2025-11-12,8482659,Josh Doan,BUF,ASSISTS,0.5,259,-379,pinnacle,2025-11-12T14:57:17.991152Z,2025-11-12T14:57:18.027075Z,True
2025-11-12,8482659,Josh Doan,BUF,POINTS,0.5,126,-162,draftkings,2025-11-12T14:57:17.991152Z,2025-11-12T14:57:18.027075Z,True
2025-11-12,8482659,Josh Doan,BUF,POINTS,0.5,126,-168,pinnacle,2025-11-12T14:57:17.991152Z,2025-11-12T14:57:18.027075Z,True
2025-11-12,8482659,Josh Doan,BUF,SOG,2.5,140,-182,draftkings,2025-11-12T14:57:17.991152Z,2025-11-12T14:57:18.027075Z,True
2025-11-12,8482659,Josh Doan,BUF,SOG,2.5,142,-188,fanduel,2025-11-12T14:57:17.991152Z,2025-11-12T14:57:18.027075Z,True
2025-11-12,8482659,Josh Doan,BUF,SOG,2.5,143,-192,pinnacle,2025-11-12T14:57:17.991152Z,2025-11-12T14:57:18.027075Z,True
2025-11-12,8482671,Owen Power,BUF,ASSISTS,0.5,195,-265,draftkings,2025-11-12T14:57:17.991152Z,2025-11-12T14:57:18.027075Z,True
2025-11-12,8482671,Owen Power,BUF,ASSISTS,0.5,208,-293,pinnacle,2025-11-12T14:57:17.991152Z,2025-11-12T14:57:18.027075Z,True
2025-11-12,8482671,Owen Power,BUF,POINTS,0.5,155,-204,draftkings,2025-11-12T14:57:17.991152Z,2025-11-12T14:57:18.027075Z,True
2025-11-12,8482671,Owen Power,BUF,POINTS,0.5,160,-218,pinnacle,2025-11-12T14:57:17.991152Z,2025-11-12T14:57:18.027075Z,True
2025-11-12,8482671,Owen Power,BUF,SOG,1.5,-113,-115,fanduel,2025-11-12T14:57:17.991152Z,2025-11-12T14:57:18.027075Z,True
2025-11-12,8482684,Luke Hughes,NJD,ASSISTS,0.5,105,-135,draftkings,2025-11-12T14:57:17.991152Z,2025-11-12T14:57:18.027075Z,True
2025-11-12,8482684,Luke Hughes,NJD,ASSISTS,0.5,106,-141,pinnacle,2025-11-12T14:57:17.991152Z,2025-11-12T14:57:18.027075Z,True
2025-11-12,8482684,Luke Hughes,NJD,POINTS,0.5,-125,-105,draftkings,2025-11-12T14:57:17.991152Z,2025-11-12T14:57:18.027075Z,True
2025-11-12,8482684,Luke Hughes,NJD,POINTS,0.5,-125,-105,pinnacle,2025-11-12T14:57:17.991152Z,2025-11-12T14:57:18.027075Z,True
2025-11-12,8482684,Luke Hughes,NJD,SOG,1.5,-196,148,fanduel,2025-11-12T14:57:17.991152Z,2025-11-12T14:57:18.027075Z,True
2025-11-12,8482684,Luke Hughes,NJD,SOG,2.5,150,-198,draftkings,2025-11-12T14:57:17.991152Z,2025-11-12T14:57:18.027075Z,True
2025-11-12,8482684,Luke Hughes,NJD,SOG,2.5,151,-204,pinnacle,2025-11-12T14:57:17.991152Z,2025-11-12T14:57:18.027075Z,True
2025-11-12,8482699,Dylan Guenther,UTA,ASSISTS,0.5,130,-168,draftkings,2025-11-12T14:57:17.991152Z,2025-11-12T14:57:18.027075Z,True
2025-11-12,8482699,Dylan Guenther,UTA,ASSISTS,0.5,130,-174,pinnacle,2025-11-12T14:57:17.991152Z,2025-11-12T14:57:18.027075Z,True
2025-11-12,8482699,Dylan Guenther,UTA,GOALS,0.5,160,-220,fanduel,2025-11-12T14:57:17.991152Z,2025-11-12T14:57:18.027075Z,True
2025-11-12,8482699,Dylan Guenther,UTA,POINTS,0.5,-175,135,draftkings,2025-11-12T14:57:17.991152Z,2025-11-12T14:57:18.027075Z,True
2025-11-12,8482699,Dylan Guenther,UTA,POINTS,0.5,-180,134,pinnacle,2025-11-12T14:57:17.991152Z,2025-11-12T14:57:18.027075Z,True
2025-11-12,8482699,Dylan Guenther,UTA,SOG,3.5,130,-168,draftkings,2025-11-12T14:57:17.991152Z,2025-11-12T14:57:18.027075Z,True
2025-11-12,8482699,Dylan Guenther,UTA,SOG,3.5,136,-178,fanduel,2025-11-12T14:57:17.991152Z,2025-11-12T14:57:18.027075Z,True
2025-11-12,8482699,Dylan Guenther,UTA,SOG,3.5,131,-176,pinnacle,2025-11-12T14:57:17.991152Z,2025-11-12T14:57:18.027075Z,True
2025-11-12,8482765,Isak Rosen,BUF,ASSISTS,0.5,230,-320,draftkings,2025-11-12T14:57:17.991152Z,2025-11-12T14:57:18.027075Z,True
2025-11-12,8482765,Isak Rosen,BUF,ASSISTS,0.5,240,-345,pinnacle,2025-11-12T14:57:17.991152Z,2025-11-12T14:57:18.027075Z,True
2025-11-12,8482765,Isak Rosen,BUF,POINTS,0.5,126,-162,draftkings,2025-11-12T14:57:17.991152Z,2025-11-12T14:57:18.027075Z,True
2025-11-12,8482765,Isak Rosen,BUF,POINTS,0.5,127,-170,pinnacle,2025-11-12T14:57:17.991152Z,2025-11-12T14:57:18.027075Z,True
2025-11-12,8483431,Logan Cooley,UTA,ASSISTS,0.5,135,-175,draftkings,2025-11-12T14:57:17.991152Z,2025-11-12T14:57:18.027075Z,True
2025-11-12,8483431,Logan Cooley,UTA,ASSISTS,0.5,135,-181,pinnacle,2025-11-12T14:57:17.991152Z,2025-11-12T14:57:18.027075Z,True
2025-11-12,8483431,Logan Cooley,UTA,GOALS,0.5,160,-220,fanduel,2025-11-12T14:57:17.991152Z,2025-11-12T14:57:18.027075Z,True
2025-11-12,8483431,Logan Cooley,UTA,POINTS,0.5,-168,130,draftkings,2025-11-12T14:57:17.991152Z,2025-11-12T14:57:18.027075Z,True
2025-11-12,8483431,Logan Cooley,UTA,POINTS,0.5,-174,130,pinnacle,2025-11-12T14:57:17.991152Z,2025-11-12T14:57:18.027075Z,True
2025-11-12,8483431,Logan Cooley,UTA,SOG,1.5,-175,135,draftkings,2025-11-12T14:57:17.991152Z,2025-11-12T14:57:18.027075Z,True
2025-11-12,8483431,Logan Cooley,UTA,SOG,1.5,-184,140,fanduel,2025-11-12T14:57:17.991152Z,2025-11-12T14:57:18.027075Z,True
2025-11-12,8483431,Logan Cooley,UTA,SOG,1.5,-186,138,pinnacle,2025-11-12T14:57:17.991152Z,2025-11-12T14:57:18.027075Z,True
2025-11-12,8484144,Connor Bedard,CHI,ASSISTS,0.5,-115,-115,draftkings,2025-11-12T14:57:17.991152Z,2025-11-12T14:57:18.027075Z,True
2025-11-12,8484144,Connor Bedard,CHI,ASSISTS,0.5,-116,-115,pinnacle,2025-11-12T14:57:17.991152Z,2025-11-12T14:57:18.027075Z,True
2025-11-12,8484144,Connor Bedard,CHI,GOALS,0.5,175,-240,fanduel,2025-11-12T14:57:17.991152Z,2025-11-12T14:57:18.027075Z,True
2025-11-12,8484144,Connor Bedard,CHI,POINTS,0.5,-248,185,draftkings,2025-11-12T14:57:17.991152Z,2025-11-12T14:57:18.027075Z,True
2025-11-12,8484144,Connor Bedard,CHI,POINTS,0.5,-268,193,pinnacle,2025-11-12T14:57:17.991152Z,2025-11-12T14:57:18.027075Z,True
2025-11-12,8484144,Connor Bedard,CHI,SOG,2.5,-168,130,draftkings,2025-11-12T14:57:17.991152Z,2025-11-12T14:57:18.027075Z,True
2025-11-12,8484144,Connor Bedard,CHI,SOG,2.5,-174,132,fanduel,2025-11-12T14:57:17.991152Z,2025-11-12T14:57:18.027075Z,True
2025-11-12,8484144,Connor Bedard,CHI,SOG,2.5,-177,132,pinnacle,2025-11-12T14:57:17.991152Z,2025-11-12T14:57:18.027075Z,True
2025-11-12,8484387,Matvei Michkov,PHI,ASSISTS,0.5,195,-265,draftkings,2025-11-12T14:57:17.974876Z,2025-11-12T14:57:18.027075Z,True
2025-11-12,8484387,Matvei Michkov,PHI,ASSISTS,0.5,210,-300,pinnacle,2025-11-12T14:57:17.974876Z,2025-11-12T14:57:18.027075Z,True
2025-11-12,8484387,Matvei Michkov,PHI,GOALS,0.5,290,-440,fanduel,2025-11-12T14:57:17.974876Z,2025-11-12T14:57:18.027075Z,True
2025-11-12,8484387,Matvei Michkov,PHI,POINTS,0.5,105,-135,draftkings,2025-11-12T14:57:17.974876Z,2025-11-12T14:57:18.027075Z,True
2025-11-12,8484387,Matvei Michkov,PHI,POINTS,0.5,103,-137,pinnacle,2025-11-12T14:57:17.974876Z,2025-11-12T14:57:18.027075Z,True
2025-11-12,8484387,Matvei Michkov,PHI,SOG,1.5,-168,128,fanduel,2025-11-12T14:57:17.974876Z,2025-11-12T14:57:18.027075Z,True
2025-11-12,8484387,Matvei Michkov,PHI,SOG,1.5,-184,137,pinnacle,2025-11-12T14:57:17.974876Z,2025-11-12T14:57:18.027075Z,True
2025-11-12,8484783,Artyom Levshunov,CHI,ASSISTS,0.5,155,-204,draftkings,2025-11-12T14:57:17.991152Z,2025-11-12T14:57:18.027075Z,True
2025-11-12,8484783,Artyom Levshunov,CHI,ASSISTS,0.5,160,-217,pinnacle,2025-11-12T14:57:17.991152Z,2025-11-12T14:57:18.027075Z,True
2025-11-12,8484783,Artyom Levshunov,CHI,POINTS,0.5,130,-168,draftkings,2025-11-12T14:57:17.991152Z,2025-11-12T14:57:18.027075Z,True
2025-11-12,8484783,Artyom Levshunov,CHI,POINTS,0.5,130,-174,pinnacle,2025-11-12T14:57:17.991152Z,2025-11-12T14:57:18.027075Z,True
